NUM_FPN,NUM_CPN,CPN,MFR,MFR_PART,Jan/2018,Feb/2018,Mar/2018,Apr/2018,May/2018,Jun/2018,Jul/2018,Aug/2018,Sep/2018,Oct/2018,Nov/2018,Dec/2018,Jan/2019,Feb/2019,Mar/2019,Apr/2019,May/2019,Jun/2019,Jul/2019,Aug/2019,Sep/2019,Oct/2019,Nov/2019,Dec/2019,Jan/2020,Feb/2020,Mar/2020,Apr/2020,May/2020,Jun/2020,Jul/2020,Aug/2020,Sep/2020,Oct/2020,Nov/2020,Dec/2020,Jan/2021,Feb/2021,Mar/2021,Apr/2021,May/2021,Jun/2021,Jul/2021,Aug/2021,Sep/2021,Oct/2021,Nov/2021,Dec/2021,Jan/2022,Feb/2022,Mar/2022,Apr/2022,May/2022,Jun/2022,Jul/2022,Aug/2022,Sep/2022,Oct/2022,Nov/2022,Dec/2022
1,1,12-1044,DIO,SMAZ20-13-F,130210,69920,138150,88960,78648,85432,88320,47744.0,47744.0,47744.0,47744.0,47744.0,0.0,0.0,0.0,0.0,0.0,0.0,0.0,0.0,0.0,0.0,0.0,0.0,0.0,0.0,0.0,0.0,0.0,0.0,0.0,0.0,0.0,0.0,0.0,0.0,0.0,0.0,0.0,0.0,0.0,0.0,0.0,0.0,0.0,0.0,0.0,0.0,0.0,0.0,0.0,0.0,0.0,0.0,0.0,0.0,0.0,0.0,0.0,0.0
1,1,12-1070,DIO,B340A-13-F,130210,69920,138150,88960,78648,85432,88320,47744.0,47744.0,47744.0,47744.0,47744.0,888.0,0.0,0.0,0.0,0.0,0.0,0.0,0.0,0.0,0.0,0.0,0.0,0.0,0.0,0.0,0.0,0.0,0.0,0.0,0.0,0.0,0.0,0.0,0.0,0.0,0.0,0.0,0.0,0.0,0.0,0.0,0.0,0.0,0.0,0.0,0.0,0.0,0.0,0.0,0.0,0.0,0.0,0.0,0.0,0.0,0.0,0.0,0.0
1,1,13-1042,DIO,BSS123-7-F,390630,209760,414450,266880,235944,256296,264960,143232.0,143232.0,143232.0,143232.0,143232.0,0.0,0.0,0.0,0.0,0.0,0.0,0.0,0.0,0.0,0.0,0.0,0.0,0.0,0.0,0.0,0.0,0.0,0.0,0.0,0.0,0.0,0.0,0.0,0.0,0.0,0.0,0.0,0.0,0.0,0.0,0.0,0.0,0.0,0.0,0.0,0.0,0.0,0.0,0.0,0.0,0.0,0.0,0.0,0.0,0.0,0.0,0.0,0.0
2,1,15-1327,CIT,CMR200T32768DZFT,130210,69920,138150,88960,78648,85432,88320,47744.0,47744.0,47744.0,47744.0,47744.0,0.0,0.0,0.0,0.0,0.0,0.0,0.0,0.0,0.0,0.0,0.0,0.0,0.0,0.0,0.0,0.0,0.0,0.0,0.0,0.0,0.0,0.0,0.0,0.0,0.0,0.0,0.0,0.0,0.0,0.0,0.0,0.0,0.0,0.0,0.0,0.0,0.0,0.0,0.0,0.0,0.0,0.0,0.0,0.0,0.0,0.0,0.0,0.0
1,1,188735397,DIO,BAV99W-7-F,23687,10946,19016,18813,22697,21816,16920,13410.0,13410.0,13410.0,13410.0,13410.0,12148.0,10131.0,12016.0,8170.0,15131.0,19781.0,18016.0,18796.8,18796.8,18796.8,18796.8,18796.8,8998.0,7728.0,11228.0,7758.0,9299.0,4088.0,4414.0,3194.6,3194.6,3194.6,3194.6,3194.6,10306.0,5060.0,15774.0,11805.0,8894.0,14323.0,10298.0,7702.6,7702.6,7702.6,7702.6,7702.6,2420.0,29678.0,22276.0,14751.0,7773.0,9862.0,9355.0,7702.6,7702.6,7702.6,7702.6,7702.6
1,1,189071031,DIO,DMP2215L-7,21203,8649,15086,15171,18174,17387,14200,11555.0,11555.0,11555.0,11555.0,11555.0,9647.0,9939.0,10578.0,7604.0,14058.0,18224.0,15975.0,16340.8,16340.8,16340.8,16340.8,16340.8,0.0,0.0,0.0,0.0,0.0,0.0,0.0,0.0,0.0,0.0,0.0,0.0,0.0,0.0,0.0,0.0,0.0,0.0,0.0,0.0,0.0,0.0,0.0,0.0,0.0,0.0,0.0,0.0,0.0,0.0,0.0,0.0,0.0,0.0,0.0,0.0
1,1,189103664,DIO,BZT52C43-7-F,61569,36988,59548,40114,48941,37152,38762,35443.0,35443.0,35443.0,35443.0,35443.0,38057.0,40446.0,32278.0,13224.0,33946.0,25619.0,27830.0,21738.4,21738.4,21738.4,21738.4,21738.4,33344.0,39440.0,39623.0,40936.0,40045.0,35811.0,48976.0,20842.2,20842.2,20842.2,20842.2,20842.2,11035.0,38037.0,51650.0,45724.0,50930.0,41168.0,44712.0,28152.0,28152.0,28152.0,28152.0,28152.0,480.0,40944.0,128908.0,79787.0,36734.0,61145.0,57557.0,28152.0,28152.0,28152.0,28152.0,28152.0
1,1,189239000,DIO,HD04-T,132447,56691,96048,78388,98685,88945,86163,82938.6,82938.6,82938.6,82938.6,82938.6,69527.0,83346.0,76954.0,43702.0,89357.0,75693.0,66651.0,71940.0,71940.0,71940.0,71940.0,71940.0,91874.0,93800.0,135537.0,143867.0,139246.0,122432.0,161437.0,77522.0,77522.0,77522.0,77522.0,77522.0,63166.0,89536.0,155370.0,139669.0,123469.0,139418.0,157805.0,114289.6,114289.6,114289.6,114289.6,114289.6,0.0,0.0,0.0,0.0,0.0,0.0,0.0,114289.6,114289.6,114289.6,114289.6,114289.6
1,1,189783144,XR7,SP3232EBER-L/TR,111435,41904,79604,74652,93036,84592,91061,81385.2,81385.2,81385.2,81385.2,81385.2,0.0,0.0,0.0,0.0,0.0,0.0,0.0,0.0,0.0,0.0,0.0,0.0,0.0,0.0,0.0,0.0,0.0,0.0,0.0,0.0,0.0,0.0,0.0,0.0,0.0,0.0,0.0,0.0,0.0,0.0,0.0,0.0,0.0,0.0,0.0,0.0,0.0,0.0,0.0,0.0,0.0,0.0,0.0,0.0,0.0,0.0,0.0,0.0
1,1,192001997,DIO,ZXTN07045EFFTA,16000,3800,11040,8976,9466,6068,7600,5300.0,5300.0,5300.0,5300.0,5300.0,8000.0,3750.0,1250.0,0.0,0.0,5000.0,4000.0,1200.0,1200.0,1200.0,1200.0,1200.0,2220.0,1208.0,802.0,400.0,380.0,320.0,400.0,240.0,240.0,240.0,240.0,240.0,0.0,0.0,0.0,0.0,0.0,0.0,0.0,0.0,0.0,0.0,0.0,0.0,1000.0,0.0,1000.0,0.0,0.0,0.0,0.0,0.0,0.0,0.0,0.0,0.0
1,1,192004279,XR7,SP6699EK-L/TR,159351,64745,115825,103411,118136,122016,107534,103427.2,103427.2,103427.2,103427.2,103427.2,0.0,0.0,0.0,0.0,0.0,0.0,0.0,0.0,0.0,0.0,0.0,0.0,0.0,0.0,0.0,0.0,0.0,0.0,0.0,0.0,0.0,0.0,0.0,0.0,0.0,0.0,0.0,0.0,0.0,0.0,0.0,0.0,0.0,0.0,0.0,0.0,0.0,0.0,0.0,0.0,0.0,0.0,0.0,0.0,0.0,0.0,0.0,0.0
1,1,192006252,XR7,XR21V1410IL16TR-F,35771,34264,50758,37410,45803,43466,37166,35939.4,35939.4,35939.4,35939.4,35939.4,0.0,0.0,0.0,0.0,0.0,0.0,0.0,0.0,0.0,0.0,0.0,0.0,0.0,0.0,0.0,0.0,0.0,0.0,0.0,0.0,0.0,0.0,0.0,0.0,0.0,0.0,0.0,0.0,0.0,0.0,0.0,0.0,0.0,0.0,0.0,0.0,0.0,0.0,0.0,0.0,0.0,0.0,0.0,0.0,0.0,0.0,0.0,0.0
1,1,192012859,XR,XR21V1414IM48TR-F,1960,1050,1490,981,1374,1527,1160,1164.0,1164.0,1164.0,1164.0,1164.0,0.0,0.0,0.0,0.0,0.0,0.0,0.0,0.0,0.0,0.0,0.0,0.0,0.0,0.0,0.0,0.0,0.0,0.0,0.0,0.0,0.0,0.0,0.0,0.0,0.0,0.0,0.0,0.0,0.0,0.0,0.0,0.0,0.0,0.0,0.0,0.0,0.0,0.0,0.0,0.0,0.0,0.0,0.0,0.0,0.0,0.0,0.0,0.0
1,1,22-1492,BIV,CSW-1001,134280,69920,138150,88960,78648,85432,88320,47744.0,47744.0,47744.0,47744.0,47744.0,0.0,0.0,0.0,0.0,0.0,0.0,0.0,0.0,0.0,0.0,0.0,0.0,0.0,0.0,0.0,0.0,0.0,0.0,0.0,0.0,0.0,0.0,0.0,0.0,0.0,0.0,0.0,0.0,0.0,0.0,0.0,0.0,0.0,0.0,0.0,0.0,0.0,0.0,0.0,0.0,0.0,0.0,0.0,0.0,0.0,0.0,0.0,0.0
1,1,3410LAN9420S-E,MCP,LAN9420I-NU,0,324,200,0,398,0,0,0.0,0.0,0.0,0.0,0.0,0.0,0.0,0.0,0.0,0.0,0.0,0.0,0.0,0.0,0.0,0.0,0.0,0.0,0.0,0.0,0.0,0.0,0.0,0.0,0.0,0.0,0.0,0.0,0.0,0.0,0.0,0.0,0.0,0.0,0.0,0.0,0.0,0.0,0.0,0.0,0.0,0.0,0.0,0.0,0.0,0.0,0.0,0.0,0.0,0.0,0.0,0.0,0.0
1,1,3410SY58606S-E,MCP,SY58606UMG-TR,7058,0,0,876,100,1088,0,0.0,0.0,0.0,0.0,0.0,0.0,0.0,0.0,0.0,0.0,0.0,0.0,0.0,0.0,0.0,0.0,0.0,0.0,0.0,0.0,0.0,0.0,0.0,0.0,0.0,0.0,0.0,0.0,0.0,0.0,0.0,0.0,0.0,0.0,0.0,0.0,0.0,0.0,0.0,0.0,0.0,0.0,0.0,0.0,0.0,0.0,0.0,0.0,0.0,0.0,0.0,0.0,0.0
1,1,34292777S-E,MCP,MIC2777-31YM5-TR,12579,500,3199,1185,6200,1591,500,0.0,0.0,0.0,0.0,0.0,8962.0,6117.0,9401.0,5050.0,5958.0,4720.0,4675.0,2050.0,2050.0,2050.0,2050.0,2050.0,1705.0,2801.0,1275.0,1950.0,1400.0,400.0,0.0,0.0,0.0,0.0,0.0,0.0,2013.0,2246.0,950.0,1656.0,750.0,800.0,0.0,0.0,0.0,0.0,0.0,0.0,0.0,0.0,0.0,0.0,0.0,0.0,0.0,0.0,0.0,0.0,0.0,0.0
1,1,34294040S-E,MCP,LM4040CYM3-5.0-TR,98,0,0,435,100,94,0,0.0,0.0,0.0,0.0,0.0,100.0,99.0,0.0,0.0,108.0,0.0,75.0,0.0,0.0,0.0,0.0,0.0,0.0,0.0,0.0,0.0,0.0,0.0,0.0,0.0,0.0,0.0,0.0,0.0,0.0,0.0,0.0,0.0,0.0,0.0,0.0,0.0,0.0,0.0,0.0,0.0,0.0,0.0,0.0,0.0,0.0,0.0,0.0,0.0,0.0,0.0,0.0,0.0
1,1,34402SB1188-E,DIO,2DB1188Q-13,6484,2400,7998,798,3100,0,0,0.0,0.0,0.0,0.0,0.0,36968.0,19220.0,17040.0,13100.0,9000.0,2200.0,2000.0,400.0,400.0,400.0,400.0,400.0,13848.0,12136.0,4000.0,3000.0,3000.0,0.0,0.0,0.0,0.0,0.0,0.0,0.0,12038.0,3970.0,0.0,0.0,0.0,0.0,0.0,0.0,0.0,0.0,0.0,0.0,0.0,0.0,0.0,0.0,0.0,0.0,0.0,0.0,0.0,0.0,0.0,0.0
1,1,3440MJD31CS-E,DIO,MJD31C-13,11954,799,2190,2147,4148,1000,0,0.0,0.0,0.0,0.0,0.0,2080.0,1679.0,2168.0,2671.0,1670.0,2500.0,575.0,720.0,720.0,720.0,720.0,720.0,1344.0,1058.0,400.0,2099.0,950.0,650.0,0.0,0.0,0.0,0.0,0.0,0.0,864.0,199.0,625.0,350.0,50.0,300.0,0.0,0.0,0.0,0.0,0.0,0.0,0.0,0.0,0.0,0.0,0.0,0.0,0.0,0.0,0.0,0.0,0.0,0.0
1,1,3440MMBTA42S-E,DIO,MMBTA42-7-F,85387,6034,48874,54418,28748,8688,7500,0.0,0.0,0.0,0.0,0.0,0.0,0.0,0.0,0.0,0.0,0.0,0.0,0.0,0.0,0.0,0.0,0.0,0.0,0.0,0.0,0.0,0.0,0.0,0.0,0.0,0.0,0.0,0.0,0.0,0.0,0.0,0.0,0.0,0.0,0.0,0.0,0.0,0.0,0.0,0.0,0.0,0.0,0.0,0.0,0.0,0.0,0.0,0.0,0.0,0.0,0.0,0.0,0.0
1,1,3441BAS16S-E,DIO,BAS16V-7,4169,0,0,1476,2219,888,0,0.0,0.0,0.0,0.0,0.0,3425.0,936.0,2325.0,1200.0,450.0,1050.0,600.0,180.0,180.0,180.0,180.0,180.0,906.0,900.0,1050.0,747.0,0.0,0.0,0.0,0.0,0.0,0.0,0.0,0.0,0.0,0.0,0.0,300.0,297.0,0.0,0.0,0.0,0.0,0.0,0.0,0.0,0.0,0.0,0.0,0.0,0.0,0.0,0.0,0.0,0.0,0.0,0.0,0.0
1,1,3441BAT54S1-E,DIO,BAT54A-7-F,5746,1637,1200,2126,1000,1416,0,0.0,0.0,0.0,0.0,0.0,5151.0,2196.0,2486.0,2466.0,2232.0,1420.0,2600.0,848.0,848.0,848.0,848.0,848.0,4605.0,1470.0,2325.0,2250.0,1425.0,900.0,0.0,0.0,0.0,0.0,0.0,0.0,2020.0,3783.0,1920.0,1312.0,2247.0,1800.0,900.0,180.0,180.0,180.0,180.0,180.0,0.0,0.0,0.0,0.0,0.0,0.0,0.0,180.0,180.0,180.0,180.0,180.0
2,1,3441BAT54S2-E,DIO,BAT54S-7-F,45165,1200,5994,4000,17188,7368,365,0.0,0.0,0.0,0.0,0.0,19463.0,16416.0,20057.0,18500.0,16200.0,16400.0,10300.0,5550.0,5550.0,5550.0,5550.0,5550.0,0.0,0.0,0.0,0.0,0.0,0.0,0.0,0.0,0.0,0.0,0.0,0.0,0.0,0.0,0.0,0.0,0.0,0.0,0.0,0.0,0.0,0.0,0.0,0.0,0.0,0.0,0.0,0.0,0.0,0.0,0.0,0.0,0.0,0.0,0.0,0.0
1,1,3441BAV70S-E,DIO,BAV70-7-F,1322,667,294,1497,2145,188,0,0.0,0.0,0.0,0.0,0.0,0.0,0.0,0.0,0.0,0.0,0.0,0.0,0.0,0.0,0.0,0.0,0.0,0.0,0.0,0.0,0.0,0.0,0.0,0.0,0.0,0.0,0.0,0.0,0.0,0.0,0.0,0.0,0.0,0.0,0.0,0.0,0.0,0.0,0.0,0.0,0.0,0.0,0.0,0.0,0.0,0.0,0.0,0.0,0.0,0.0,0.0,0.0,0.0
1,1,3441BAV99DWS-E,DIO,BAV99DW-7-F,1808,0,4032,17396,0,0,2800,0.0,0.0,0.0,0.0,0.0,8048.0,4000.0,1904.0,0.0,0.0,0.0,0.0,0.0,0.0,0.0,0.0,0.0,398.0,2520.0,0.0,100.0,4000.0,0.0,0.0,0.0,0.0,0.0,0.0,0.0,4030.0,1797.0,0.0,4000.0,550.0,900.0,0.0,0.0,0.0,0.0,0.0,0.0,0.0,0.0,0.0,0.0,0.0,0.0,0.0,0.0,0.0,0.0,0.0,0.0
2,1,3442DF04S-E,DIO,DF04S-T,65322,8499,27441,14000,36300,14600,0,0.0,0.0,0.0,0.0,0.0,59989.0,37705.0,72432.0,21800.0,35550.0,23200.0,30250.0,13530.0,13530.0,13530.0,13530.0,13530.0,0.0,0.0,0.0,0.0,0.0,0.0,0.0,0.0,0.0,0.0,0.0,0.0,0.0,0.0,0.0,0.0,0.0,0.0,0.0,0.0,0.0,0.0,0.0,0.0,0.0,0.0,0.0,0.0,0.0,0.0,0.0,0.0,0.0,0.0,0.0,0.0
1,1,3442MBRS1100S-E,DIO,B1100LB-13-F,17231,462,2328,4717,4899,1688,0,0.0,0.0,0.0,0.0,0.0,5328.0,3476.0,4098.0,3500.0,2876.0,3800.0,1225.0,1140.0,1140.0,1140.0,1140.0,1140.0,2028.0,1772.0,849.0,2698.0,1550.0,500.0,0.0,0.0,0.0,0.0,0.0,0.0,1607.0,3543.0,1500.0,1500.0,698.0,1600.0,0.0,0.0,0.0,0.0,0.0,0.0,0.0,0.0,0.0,0.0,0.0,0.0,0.0,0.0,0.0,0.0,0.0,0.0
3,1,3442S1MS-E,DIO,S1M-13-F,197764,24760,19236,34500,97138,20180,1053,0.0,0.0,0.0,0.0,0.0,171402.0,69950.0,88743.0,37850.0,64620.0,33100.0,64000.0,22530.0,22530.0,22530.0,22530.0,22530.0,185744.0,428692.0,209630.0,26350.0,4000.0,300.0,0.0,0.0,0.0,0.0,0.0,0.0,9202.0,9749.0,10758.0,1625.0,16800.0,200.0,0.0,0.0,0.0,0.0,0.0,0.0,0.0,0.0,0.0,0.0,0.0,0.0,0.0,0.0,0.0,0.0,0.0,0.0
1,1,3442SBR20A200S-E,DIO,SBR20A200CTB-13,2939,590,2100,150,2907,1000,0,0.0,0.0,0.0,0.0,0.0,3580.0,1550.0,3672.0,1317.0,1550.0,1300.0,1300.0,690.0,690.0,690.0,690.0,690.0,0.0,0.0,0.0,0.0,0.0,0.0,0.0,0.0,0.0,0.0,0.0,0.0,0.0,0.0,0.0,0.0,0.0,0.0,0.0,0.0,0.0,0.0,0.0,0.0,0.0,0.0,0.0,0.0,0.0,0.0,0.0,0.0,0.0,0.0,0.0,0.0
1,1,3442SK38BS-E,DIO,B380B-13-F,790,146,0,386,4970,592,0,0.0,0.0,0.0,0.0,0.0,3630.0,1000.0,2700.0,1500.0,1700.0,2000.0,0.0,0.0,0.0,0.0,0.0,0.0,3210.0,1000.0,1500.0,1500.0,0.0,0.0,0.0,0.0,0.0,0.0,0.0,0.0,0.0,0.0,0.0,0.0,0.0,0.0,0.0,0.0,0.0,0.0,0.0,0.0,0.0,0.0,0.0,0.0,0.0,0.0,0.0,0.0,0.0,0.0,0.0,0.0
2,1,3442SS24S-E,DIO,B240-13-F,18367,1699,5293,1399,8050,1000,0,0.0,0.0,0.0,0.0,0.0,20119.0,10989.0,11220.0,8800.0,6575.0,3100.0,1375.0,1020.0,1020.0,1020.0,1020.0,1020.0,0.0,0.0,0.0,0.0,0.0,0.0,0.0,0.0,0.0,0.0,0.0,0.0,0.0,0.0,0.0,0.0,0.0,0.0,0.0,0.0,0.0,0.0,0.0,0.0,0.0,0.0,0.0,0.0,0.0,0.0,0.0,0.0,0.0,0.0,0.0,0.0
1,1,3443CMPZ5258BS-E,DIO,MMBZ5258B-7-F,25968,4644,13422,18400,39278,0,0,0.0,0.0,0.0,0.0,0.0,67018.0,35200.0,53228.0,24272.0,30712.0,19200.0,33600.0,12960.0,12960.0,12960.0,12960.0,12960.0,9634.0,43104.0,15840.0,16800.0,2500.0,0.0,0.0,0.0,0.0,0.0,0.0,0.0,6484.0,6400.0,0.0,0.0,3200.0,0.0,0.0,0.0,0.0,0.0,0.0,0.0,0.0,0.0,0.0,0.0,0.0,0.0,0.0,0.0,0.0,0.0,0.0,0.0
1,1,3443MMSZ10S-E,DIO,BZT52C10-7-F,12744,540,0,2085,8118,390,365,0.0,0.0,0.0,0.0,0.0,16877.0,4399.0,8270.0,2967.0,6688.0,2500.0,5575.0,1810.0,1810.0,1810.0,1810.0,1810.0,20245.0,45063.0,21623.0,2500.0,2650.0,0.0,0.0,0.0,0.0,0.0,0.0,0.0,5663.0,2433.0,1050.0,1825.0,1310.0,1200.0,0.0,0.0,0.0,0.0,0.0,0.0,0.0,0.0,0.0,0.0,0.0,0.0,0.0,0.0,0.0,0.0,0.0,0.0
1,1,3443MMSZ12S-E,DIO,BZT52C12-7-F,13100,1264,1286,771,2604,797,1295,0.0,0.0,0.0,0.0,0.0,0.0,0.0,0.0,0.0,0.0,0.0,0.0,0.0,0.0,0.0,0.0,0.0,0.0,0.0,0.0,0.0,0.0,0.0,0.0,0.0,0.0,0.0,0.0,0.0,0.0,0.0,0.0,0.0,0.0,0.0,0.0,0.0,0.0,0.0,0.0,0.0,0.0,0.0,0.0,0.0,0.0,0.0,0.0,0.0,0.0,0.0,0.0,0.0
1,1,3443MMSZ5V6S,DIO,BZT52C5V6-7-F,0,0,0,97,0,0,0,0.0,0.0,0.0,0.0,0.0,0.0,0.0,0.0,0.0,0.0,0.0,0.0,0.0,0.0,0.0,0.0,0.0,0.0,0.0,0.0,0.0,0.0,0.0,0.0,0.0,0.0,0.0,0.0,0.0,0.0,0.0,0.0,0.0,0.0,0.0,0.0,0.0,0.0,0.0,0.0,0.0,0.0,0.0,0.0,0.0,0.0,0.0,0.0,0.0,0.0,0.0,0.0,0.0
1,1,3444FDB28N30S-E,FSC,FDB28N30TM,2552,500,2100,0,2000,1000,0,0.0,0.0,0.0,0.0,0.0,0.0,0.0,0.0,0.0,0.0,0.0,0.0,0.0,0.0,0.0,0.0,0.0,0.0,0.0,0.0,0.0,0.0,0.0,0.0,0.0,0.0,0.0,0.0,0.0,0.0,0.0,0.0,0.0,0.0,0.0,0.0,0.0,0.0,0.0,0.0,0.0,0.0,0.0,0.0,0.0,0.0,0.0,0.0,0.0,0.0,0.0,0.0,0.0
1,1,3444IRF640S-E,IFA,IRF640NSTRLPBF,0,0,0,868,200,0,0,0.0,0.0,0.0,0.0,0.0,200.0,0.0,0.0,0.0,214.0,0.0,150.0,0.0,0.0,0.0,0.0,0.0,98.0,344.0,0.0,0.0,0.0,0.0,0.0,0.0,0.0,0.0,0.0,0.0,0.0,0.0,0.0,0.0,0.0,0.0,0.0,0.0,0.0,0.0,0.0,0.0,0.0,0.0,0.0,0.0,0.0,0.0,0.0,0.0,0.0,0.0,0.0,0.0
1,1,3444IRF7307S-E,IFA,IRF7307TRPBF,3145,1200,3799,399,1550,0,0,0.0,0.0,0.0,0.0,0.0,18483.0,9610.0,8520.0,6550.0,4500.0,1100.0,1000.0,200.0,200.0,200.0,200.0,200.0,6924.0,6068.0,2000.0,1500.0,1500.0,0.0,0.0,0.0,0.0,0.0,0.0,0.0,6019.0,1985.0,0.0,0.0,0.0,0.0,0.0,0.0,0.0,0.0,0.0,0.0,0.0,0.0,0.0,0.0,0.0,0.0,0.0,0.0,0.0,0.0,0.0,0.0
1,1,3444IRF7465S-E,IFA,IRF7465TRPBF,4725,0,0,0,689,0,351,0.0,0.0,0.0,0.0,0.0,0.0,0.0,0.0,0.0,0.0,0.0,0.0,0.0,0.0,0.0,0.0,0.0,0.0,0.0,0.0,0.0,0.0,0.0,0.0,0.0,0.0,0.0,0.0,0.0,0.0,0.0,0.0,0.0,0.0,0.0,0.0,0.0,0.0,0.0,0.0,0.0,0.0,0.0,0.0,0.0,0.0,0.0,0.0,0.0,0.0,0.0,0.0,0.0
1,1,3444IRFR24N15D-E,IFA,IRFR24N15DTRPBF,9494,146,1000,1136,3645,1043,0,0.0,0.0,0.0,0.0,0.0,8137.0,4501.0,7414.0,4300.0,5380.0,4340.0,3900.0,1710.0,1710.0,1710.0,1710.0,1710.0,4909.0,7686.0,4308.0,1100.0,950.0,0.0,0.0,0.0,0.0,0.0,0.0,0.0,500.0,983.0,445.0,556.0,160.0,300.0,0.0,0.0,0.0,0.0,0.0,0.0,0.0,0.0,0.0,0.0,0.0,0.0,0.0,0.0,0.0,0.0,0.0,0.0
1,1,3444IRFS4321S-E,IFA,IRFS4321TRLPBF,291,90,0,50,1105,0,0,0.0,0.0,0.0,0.0,0.0,0.0,0.0,0.0,0.0,0.0,0.0,0.0,0.0,0.0,0.0,0.0,0.0,0.0,0.0,0.0,0.0,0.0,0.0,0.0,0.0,0.0,0.0,0.0,0.0,0.0,0.0,0.0,0.0,0.0,0.0,0.0,0.0,0.0,0.0,0.0,0.0,0.0,0.0,0.0,0.0,0.0,0.0,0.0,0.0,0.0,0.0,0.0,0.0
1,1,3444TN0200TS-E,IFA,IRLML2402TRPBF,1455,0,0,0,0,0,500,0.0,0.0,0.0,0.0,0.0,0.0,0.0,0.0,0.0,0.0,0.0,0.0,0.0,0.0,0.0,0.0,0.0,0.0,0.0,0.0,0.0,0.0,0.0,0.0,0.0,0.0,0.0,0.0,0.0,0.0,0.0,0.0,0.0,0.0,0.0,0.0,0.0,0.0,0.0,0.0,0.0,0.0,0.0,0.0,0.0,0.0,0.0,0.0,0.0,0.0,0.0,0.0,0.0
1,1,346027LV0209S-E,GLT,GLS37VF020-70-3C-NHE,5869,662,1743,2097,1900,1000,0,0.0,0.0,0.0,0.0,0.0,1551.0,1479.0,1394.0,1650.0,762.0,2000.0,75.0,440.0,440.0,440.0,440.0,440.0,498.0,196.0,300.0,749.0,600.0,500.0,0.0,0.0,0.0,0.0,0.0,0.0,0.0,0.0,0.0,0.0,0.0,0.0,0.0,0.0,0.0,0.0,0.0,0.0,0.0,0.0,0.0,0.0,0.0,0.0,0.0,0.0,0.0,0.0,0.0,0.0
1,1,69813-3,ZTM,BV301S09020-235,45338,15552,9900,12404,28600,22152,14952,14140.8,14140.8,14140.8,14140.8,14140.8,20887.0,34252.0,17752.0,23100.0,23100.0,2352.0,15400.0,26887.2,26887.2,26887.2,26887.2,26887.2,9641.0,2340.0,780.0,780.0,780.0,780.0,780.0,1540.0,1540.0,1540.0,1540.0,1540.0,3998.0,0.0,1560.0,0.0,1560.0,0.0,1560.0,0.0,0.0,0.0,0.0,0.0,4677.0,3120.0,0.0,2352.0,3912.0,2352.0,4704.0,0.0,0.0,0.0,0.0,0.0
1,1,69814-3,ZTM,BV302S09020-888,74400,43800,69600,36000,52800,32400,62400,55080.0,55080.0,55080.0,55080.0,55080.0,28800.0,34800.0,60000.0,52200.0,0.0,27600.0,19800.0,36360.0,36360.0,36360.0,36360.0,36360.0,60000.0,36600.0,26400.0,28800.0,48000.0,47400.0,53400.0,47640.0,47640.0,47640.0,47640.0,47640.0,8400.0,12000.0,4200.0,15600.0,13800.0,4200.0,0.0,5880.0,5880.0,5880.0,5880.0,5880.0,89400.0,46800.0,25800.0,28200.0,30600.0,24000.0,23400.0,5880.0,5880.0,5880.0,5880.0,5880.0
3,1,70228-1,DIO,S1M-13-F,1163690,457468,672560,437104,677384,498092,596192,471992.0,471992.0,471992.0,471992.0,471992.0,987098.0,532844.0,686036.0,620152.0,291340.0,351088.0,336708.0,557161.6,557161.6,557161.6,557161.6,557161.6,681127.0,603512.0,192004.0,616372.0,425636.0,424672.0,550148.0,475336.0,475336.0,475336.0,475336.0,475336.0,496280.0,201244.0,400576.0,339460.0,171232.0,241600.0,334800.0,212820.0,212820.0,212820.0,212820.0,212820.0,810041.0,508960.0,525888.0,554704.0,255312.0,773308.0,489376.0,212820.0,212820.0,212820.0,212820.0,212820.0
1,1,70845-2,DIO,SMCJ17CA-13-F,50654,31900,32400,17600,41800,27500,28000,23880.0,23880.0,23880.0,23880.0,23880.0,34362.0,40900.0,34900.0,35800.0,23100.0,4400.0,20900.0,30580.0,30580.0,30580.0,30580.0,30580.0,0.0,0.0,0.0,0.0,0.0,0.0,0.0,0.0,0.0,0.0,0.0,0.0,0.0,0.0,0.0,0.0,0.0,0.0,0.0,0.0,0.0,0.0,0.0,0.0,0.0,0.0,0.0,0.0,0.0,0.0,0.0,0.0,0.0,0.0,0.0,0.0
1,1,70974-1,DIO,BC846AS-7,954197,365301,535960,365404,539996,373792,483700,382572.0,382572.0,382572.0,382572.0,382572.0,0.0,0.0,0.0,0.0,0.0,0.0,0.0,0.0,0.0,0.0,0.0,0.0,0.0,0.0,0.0,0.0,0.0,0.0,0.0,0.0,0.0,0.0,0.0,0.0,0.0,0.0,0.0,0.0,0.0,0.0,0.0,0.0,0.0,0.0,0.0,0.0,0.0,0.0,0.0,0.0,0.0,0.0,0.0,0.0,0.0,0.0,0.0,0.0
2,1,72212-1,CIT,CMR200T32768DZFT,213725,80975,113000,74300,118912,91800,95008,67340.0,67340.0,67340.0,67340.0,67340.0,231261.0,94780.0,122320.0,108920.0,67060.0,60800.0,64840.0,101539.8,101539.8,101539.8,101539.8,101539.8,124739.0,125860.0,27260.0,131000.0,64500.0,64259.0,95628.0,76540.0,76540.0,76540.0,76540.0,76540.0,0.0,0.0,0.0,0.0,0.0,0.0,0.0,0.0,0.0,0.0,0.0,0.0,0.0,0.0,0.0,0.0,0.0,0.0,0.0,0.0,0.0,0.0,0.0,0.0
1,1,72305-1,DIO,RS1K-13-F,131256,46171,80600,49500,75000,63200,63400,42800.0,42800.0,42800.0,42800.0,42800.0,169174.0,46100.0,62900.0,55500.0,37800.0,43200.0,36900.0,58860.0,58860.0,58860.0,58860.0,58860.0,0.0,0.0,0.0,0.0,0.0,0.0,0.0,0.0,0.0,0.0,0.0,0.0,0.0,0.0,0.0,0.0,0.0,0.0,0.0,0.0,0.0,0.0,0.0,0.0,0.0,0.0,0.0,0.0,0.0,0.0,0.0,0.0,0.0,0.0,0.0,0.0
1,1,72307-2,DIO,B560C-13-F,59316,12600,23600,11800,22700,32500,20300,22080.0,22080.0,22080.0,22080.0,22080.0,60278.0,17900.0,24800.0,10500.0,9000.0,13500.0,18000.0,27360.0,27360.0,27360.0,27360.0,27360.0,31506.0,8100.0,0.0,0.0,0.0,0.0,19800.0,3960.0,3960.0,3960.0,3960.0,3960.0,0.0,0.0,0.0,0.0,0.0,0.0,0.0,0.0,0.0,0.0,0.0,0.0,0.0,0.0,0.0,0.0,0.0,0.0,0.0,0.0,0.0,0.0,0.0,0.0
1,1,72459-1,DIO,B240A-13-F,160045,34979,57000,52100,57228,30700,46620,20720.0,20720.0,20720.0,20720.0,20720.0,0.0,0.0,0.0,0.0,0.0,0.0,0.0,0.0,0.0,0.0,0.0,0.0,0.0,0.0,0.0,0.0,0.0,0.0,0.0,0.0,0.0,0.0,0.0,0.0,0.0,0.0,0.0,0.0,0.0,0.0,0.0,0.0,0.0,0.0,0.0,0.0,0.0,0.0,0.0,0.0,0.0,0.0,0.0,0.0,0.0,0.0,0.0,0.0
1,1,72586-12,DIO,BZT52C12-13-F,50695,34100,32400,17600,41800,28600,30200,24540.0,24540.0,24540.0,24540.0,24540.0,0.0,0.0,0.0,0.0,0.0,0.0,0.0,0.0,0.0,0.0,0.0,0.0,0.0,0.0,0.0,0.0,0.0,0.0,0.0,0.0,0.0,0.0,0.0,0.0,0.0,0.0,0.0,0.0,0.0,0.0,0.0,0.0,0.0,0.0,0.0,0.0,0.0,0.0,0.0,0.0,0.0,0.0,0.0,0.0,0.0,0.0,0.0,0.0
1,1,848233/G-LF,DIO,US1G-13-F,15600,12000,18000,9400,10194,12600,0,5280.0,5280.0,5280.0,5280.0,5280.0,30464.0,25200.0,21600.0,28200.0,28200.0,28200.0,21210.0,46853.2,46853.2,46853.2,46853.2,46853.2,0.0,0.0,0.0,0.0,0.0,0.0,0.0,0.0,0.0,0.0,0.0,0.0,0.0,0.0,0.0,0.0,0.0,0.0,0.0,0.0,0.0,0.0,0.0,0.0,0.0,0.0,0.0,0.0,0.0,0.0,0.0,0.0,0.0,0.0,0.0,0.0
1,1,DD213-0013,DIO,BSS138-7-F,206737,49990,112100,116500,145000,300000,280000,280000.0,280000.0,280000.0,280000.0,280000.0,261324.0,114500.0,100000.0,100000.0,100000.0,100000.0,100000.0,115000.0,115000.0,115000.0,115000.0,115000.0,237990.0,150863.0,60000.0,100000.0,80000.0,80000.0,80000.0,4000.0,4000.0,4000.0,4000.0,4000.0,0.0,0.0,0.0,0.0,0.0,0.0,0.0,0.0,0.0,0.0,0.0,0.0,0.0,0.0,0.0,0.0,0.0,0.0,0.0,0.0,0.0,0.0,0.0,0.0
1,1,ECMP000042,DIO,DMN3730U-7,700588,555745,638400,576000,576000,576000,576000,199111.6,199111.6,199111.6,199111.6,199111.6,0.0,0.0,0.0,0.0,0.0,0.0,0.0,0.0,0.0,0.0,0.0,0.0,0.0,0.0,0.0,0.0,0.0,0.0,0.0,0.0,0.0,0.0,0.0,0.0,0.0,0.0,0.0,0.0,0.0,0.0,0.0,0.0,0.0,0.0,0.0,0.0,0.0,0.0,0.0,0.0,0.0,0.0,0.0,0.0,0.0,0.0,0.0,0.0
1,1,ECMP000289,LF,V150LT5P,314392,178286,321600,288000,288000,288000,288000,107955.8,107955.8,107955.8,107955.8,107955.8,0.0,0.0,0.0,0.0,0.0,0.0,0.0,0.0,0.0,0.0,0.0,0.0,0.0,0.0,0.0,0.0,0.0,0.0,0.0,0.0,0.0,0.0,0.0,0.0,0.0,0.0,0.0,0.0,0.0,0.0,0.0,0.0,0.0,0.0,0.0,0.0,0.0,0.0,0.0,0.0,0.0,0.0,0.0,0.0,0.0,0.0,0.0,0.0
1,1,GE103X804006,DIO,SB1100-T,25222,17200,12000,10800,16200,17400,12000,15240.0,15240.0,15240.0,15240.0,15240.0,50696.0,32501.0,48600.0,76800.0,29650.0,15600.0,26400.0,22080.0,22080.0,22080.0,22080.0,22080.0,32428.0,19800.0,13800.0,16600.0,12000.0,1800.0,13200.0,22850.0,22850.0,22850.0,22850.0,22850.0,7566.0,6163.0,0.0,0.0,4292.0,0.0,0.0,8823.0,8823.0,8823.0,8823.0,8823.0,4310.0,0.0,0.0,0.0,600.0,0.0,0.0,8823.0,8823.0,8823.0,8823.0,8823.0
1,1,GE103X809001,VSO,VO615A-9,25670,17200,12000,10800,16200,17400,12000,15240.0,15240.0,15240.0,15240.0,15240.0,0.0,0.0,0.0,0.0,0.0,0.0,0.0,0.0,0.0,0.0,0.0,0.0,34493.0,19800.0,13800.0,16600.0,12000.0,1800.0,13200.0,22850.0,22850.0,22850.0,22850.0,22850.0,0.0,0.0,0.0,0.0,0.0,0.0,0.0,0.0,0.0,0.0,0.0,0.0,0.0,0.0,0.0,0.0,0.0,0.0,0.0,0.0,0.0,0.0,0.0,0.0
1,1,GE103X810002,GLT,GLS36VF1601G-70-4I-EKE,25666,17200,12000,10800,16200,17400,12000,15240.0,15240.0,15240.0,15240.0,15240.0,63068.0,36501.0,48600.0,76800.0,29650.0,15600.0,26400.0,22080.0,22080.0,22080.0,22080.0,22080.0,36893.0,20400.0,13800.0,16600.0,12000.0,1800.0,13200.0,22850.0,22850.0,22850.0,22850.0,22850.0,7566.0,6163.0,0.0,0.0,4292.0,0.0,0.0,8823.0,8823.0,8823.0,8823.0,8823.0,4374.0,0.0,0.0,0.0,600.0,0.0,0.0,8823.0,8823.0,8823.0,8823.0,8823.0
1,1,GE9928052105,DIO,RS1M-13-F,255979,154896,123199,125204,158976,158978,185846,134073.6,134073.6,134073.6,134073.6,134073.6,362635.0,227615.0,258496.0,309056.0,107520.0,113664.0,115684.0,74649.6,74649.6,74649.6,74649.6,74649.6,270976.0,207702.0,55752.0,332412.0,149096.0,71087.0,132252.0,44596.8,44596.8,44596.8,44596.8,44596.8,228269.0,154878.0,125547.0,38451.0,207047.0,49498.0,131582.0,54375.4,54375.4,54375.4,54375.4,54375.4,420050.0,86864.0,202098.0,677630.0,645706.0,630416.0,476896.0,54375.4,54375.4,54375.4,54375.4,54375.4
1,1,GE9929816014,BIV,450-060,640646,391368,297038,262408,329952,330048,383692,273294.4,273294.4,273294.4,273294.4,273294.4,787802.0,472830.0,534272.0,623872.0,230400.0,244608.0,246728.0,151603.2,151603.2,151603.2,151603.2,151603.2,551676.0,416604.0,111504.0,664824.0,303952.0,142174.0,268344.0,91113.6,91113.6,91113.6,91113.6,91113.6,469624.0,309756.0,251094.0,78686.0,414094.0,101034.0,264422.0,109834.0,109834.0,109834.0,109834.0,109834.0,447446.0,86864.0,205938.0,677630.0,647626.0,632336.0,476896.0,109834.0,109834.0,109834.0,109834.0,109834.0
1,1,GE9931043021,VSO,TSAL6100,138114,149724,74760,33600,63360,68161,68160,48384.0,48384.0,48384.0,48384.0,48384.0,0.0,0.0,0.0,0.0,0.0,0.0,0.0,0.0,0.0,0.0,0.0,0.0,0.0,0.0,0.0,0.0,0.0,0.0,0.0,0.0,0.0,0.0,0.0,0.0,0.0,0.0,0.0,0.0,0.0,0.0,0.0,0.0,0.0,0.0,0.0,0.0,0.0,0.0,0.0,0.0,0.0,0.0,0.0,0.0,0.0,0.0,0.0,0.0
1,1,GE9938051079,MCP,MIC4043YM4-TR,190440,135040,62790,48192,80256,82755,91958,60288.0,60288.0,60288.0,60288.0,60288.0,218326.0,140013.0,215765.0,298416.0,181824.0,110208.0,86308.0,128371.2,128371.2,128371.2,128371.2,128371.2,217914.0,211308.0,60341.0,304251.0,175563.0,99744.0,124950.0,93425.2,93425.2,93425.2,93425.2,93425.2,152837.0,115342.0,69834.0,65436.0,166881.0,88019.0,119471.0,86110.8,86110.8,86110.8,86110.8,86110.8,206807.0,29800.0,95638.0,143485.0,58501.0,101240.0,107426.0,86110.8,86110.8,86110.8,86110.8,86110.8
1,1,GE9938052015,DIO,1N4934-T,24000,12000,12000,12000,12000,12000,12000,3899.2,3899.2,3899.2,3899.2,3899.2,19147.0,8000.0,0.0,0.0,0.0,0.0,0.0,0.0,0.0,0.0,0.0,0.0,4800.0,1200.0,0.0,0.0,0.0,0.0,0.0,0.0,0.0,0.0,0.0,0.0,0.0,0.0,0.0,0.0,0.0,0.0,0.0,0.0,0.0,0.0,0.0,0.0,0.0,0.0,0.0,0.0,0.0,0.0,0.0,0.0,0.0,0.0,0.0,0.0
1,1,GE9938052030,LF,V575LA40CP,13514,6000,10800,6000,6000,6000,6000,2909.6,2909.6,2909.6,2909.6,2909.6,12151.0,4000.0,0.0,0.0,0.0,0.0,0.0,0.0,0.0,0.0,0.0,0.0,2400.0,600.0,0.0,0.0,0.0,0.0,0.0,0.0,0.0,0.0,0.0,0.0,0.0,0.0,0.0,0.0,0.0,0.0,0.0,0.0,0.0,0.0,0.0,0.0,0.0,0.0,0.0,0.0,0.0,0.0,0.0,0.0,0.0,0.0,0.0,0.0
1,1,GE9938052075,DIO,B160-13-F,2480,14,0,0,0,0,0,0.0,0.0,0.0,0.0,0.0,0.0,0.0,0.0,0.0,0.0,0.0,0.0,0.0,0.0,0.0,0.0,0.0,0.0,0.0,0.0,0.0,0.0,0.0,0.0,0.0,0.0,0.0,0.0,0.0,0.0,0.0,0.0,0.0,0.0,0.0,0.0,0.0,0.0,0.0,0.0,0.0,0.0,0.0,0.0,0.0,0.0,0.0,0.0,0.0,0.0,0.0,0.0,0.0
1,1,GE9938052076,DIO,DFLZ39-7,298501,210583,140479,144404,182976,187779,207926,153849.6,153849.6,153849.6,153849.6,153849.6,466825.0,259539.0,336336.0,367616.0,183440.0,99728.0,52708.0,85587.2,85587.2,85587.2,85587.2,85587.2,165402.0,125342.0,17886.0,212920.0,97901.0,52313.0,105868.0,72828.2,72828.2,72828.2,72828.2,72828.2,119795.0,67143.0,26398.0,30015.0,101907.0,50172.0,90997.0,45698.8,45698.8,45698.8,45698.8,45698.8,147658.0,22392.0,46186.0,34640.0,44617.0,38544.0,45444.0,45698.8,45698.8,45698.8,45698.8,45698.8
3,1,GE9938052077,DIO,S1M-13-F,433846,285477,163909,178196,223872,231174,253804,185913.6,185913.6,185913.6,185913.6,185913.6,0.0,0.0,0.0,0.0,0.0,0.0,0.0,0.0,0.0,0.0,0.0,0.0,0.0,0.0,0.0,0.0,0.0,0.0,0.0,0.0,0.0,0.0,0.0,0.0,415883.0,262827.0,161849.0,97291.0,361555.0,137102.0,259327.0,122702.0,122702.0,122702.0,122702.0,122702.0,548048.0,91232.0,220269.0,468172.0,431543.0,404962.0,348098.0,122702.0,122702.0,122702.0,122702.0,122702.0
1,1,GE9938052086,DIO,US1M-13-F,96377,115840,56640,33600,63360,68161,68160,48000.0,48000.0,48000.0,48000.0,48000.0,0.0,0.0,0.0,0.0,0.0,0.0,0.0,0.0,0.0,0.0,0.0,0.0,0.0,0.0,0.0,0.0,0.0,0.0,0.0,0.0,0.0,0.0,0.0,0.0,0.0,0.0,0.0,0.0,0.0,0.0,0.0,0.0,0.0,0.0,0.0,0.0,0.0,0.0,0.0,0.0,0.0,0.0,0.0,0.0,0.0,0.0,0.0,0.0
2,1,GE9938052104,DIO,B240-13-F,96377,115840,56640,33600,63360,68161,68160,48000.0,48000.0,48000.0,48000.0,48000.0,120699.0,69571.0,140773.0,197520.0,141120.0,67200.0,37440.0,91968.0,91968.0,91968.0,91968.0,91968.0,120711.0,161726.0,49589.0,188439.0,157991.0,68896.0,72170.0,80089.2,80089.2,80089.2,80089.2,80089.2,83516.0,75712.0,48340.0,64246.0,118551.0,64451.0,67340.0,61999.0,61999.0,61999.0,61999.0,61999.0,0.0,0.0,0.0,0.0,0.0,0.0,0.0,61999.0,61999.0,61999.0,61999.0,61999.0
1,1,GE994010010008,MCP,AT24C256C-SSHL-T,19775,13000,9000,6600,12000,12000,6600,10800.0,10800.0,10800.0,10800.0,10800.0,0.0,0.0,0.0,0.0,0.0,0.0,0.0,0.0,0.0,0.0,0.0,0.0,24010.0,18600.0,12000.0,16000.0,12000.0,0.0,13200.0,22850.0,22850.0,22850.0,22850.0,22850.0,25440.0,20231.0,5000.0,0.0,1524.0,10828.0,934.0,4156.0,4156.0,4156.0,4156.0,4156.0,64924.0,8200.0,28384.0,63854.0,23128.0,17274.0,22602.0,4156.0,4156.0,4156.0,4156.0,4156.0
1,1,GEICS-0050-004,MCP,AT93C66B-SSHM-T,5000,4,0,0,0,0,0,0.0,0.0,0.0,0.0,0.0,0.0,0.0,0.0,0.0,0.0,0.0,0.0,0.0,0.0,0.0,0.0,0.0,0.0,0.0,0.0,0.0,0.0,0.0,0.0,0.0,0.0,0.0,0.0,0.0,0.0,0.0,0.0,0.0,0.0,0.0,0.0,0.0,0.0,0.0,0.0,0.0,0.0,0.0,0.0,0.0,0.0,0.0,0.0,0.0,0.0,0.0,0.0,0.0
1,1,LGP000167850-LF.,DIO,DDTA114ECA-7-F,53652,14040,0,36648,36864,36864,22824,11059.2,11059.2,11059.2,11059.2,11059.2,0.0,17955.0,0.0,18432.0,0.0,0.0,0.0,0.0,0.0,0.0,0.0,0.0,0.0,0.0,0.0,0.0,0.0,0.0,0.0,0.0,0.0,0.0,0.0,0.0,0.0,0.0,0.0,0.0,0.0,0.0,0.0,0.0,0.0,0.0,0.0,0.0,0.0,0.0,0.0,0.0,0.0,0.0,0.0,0.0,0.0,0.0,0.0,0.0
1,1,LGP000167970-LF.,DIO,BZT52C22-7-F,17884,4680,0,12216,12288,12288,7608,3686.4,3686.4,3686.4,3686.4,3686.4,0.0,5985.0,0.0,6144.0,0.0,0.0,0.0,0.0,0.0,0.0,0.0,0.0,12286.0,0.0,0.0,6144.0,0.0,0.0,0.0,0.0,0.0,0.0,0.0,0.0,0.0,0.0,0.0,0.0,0.0,0.0,0.0,0.0,0.0,0.0,0.0,0.0,0.0,0.0,0.0,0.0,0.0,0.0,0.0,0.0,0.0,0.0,0.0,0.0
1,1,LGP000168050-LF.,DIO,DCX124EU-7-F,17884,4680,0,12216,12288,12288,7608,3686.4,3686.4,3686.4,3686.4,3686.4,0.0,5985.0,0.0,6144.0,0.0,0.0,0.0,0.0,0.0,0.0,0.0,0.0,12286.0,0.0,0.0,6144.0,0.0,0.0,0.0,0.0,0.0,0.0,0.0,0.0,6144.0,6144.0,6144.0,6144.0,0.0,6144.0,0.0,0.0,0.0,0.0,0.0,0.0,9600.0,9600.0,9600.0,12744.0,6144.0,0.0,0.0,0.0,0.0,0.0,0.0,0.0
1,1,LGP000196740-LF.,XR7,SP483EEN-L/TR,17884,4680,0,12216,12288,12288,7608,3686.4,3686.4,3686.4,3686.4,3686.4,0.0,0.0,0.0,0.0,0.0,0.0,0.0,0.0,0.0,0.0,0.0,0.0,0.0,0.0,0.0,0.0,0.0,0.0,0.0,0.0,0.0,0.0,0.0,0.0,0.0,0.0,0.0,0.0,0.0,0.0,0.0,0.0,0.0,0.0,0.0,0.0,0.0,0.0,0.0,0.0,0.0,0.0,0.0,0.0,0.0,0.0,0.0,0.0
1,1,SND1TRA012491-NR,DIO,ZXMP6A17E6TA,16730,4290,17653,10432,13426,6573,2021,2396.8,2396.8,2396.8,2396.8,2396.8,16636.0,5014.0,8469.0,8649.0,8524.0,11140.0,11236.0,7306.0,7306.0,7306.0,7306.0,7306.0,11862.0,13138.0,9427.0,10559.0,10390.0,12166.0,10962.0,7031.6,7031.6,7031.6,7031.6,7031.6,0.0,0.0,0.0,0.0,0.0,0.0,0.0,0.0,0.0,0.0,0.0,0.0,0.0,0.0,0.0,0.0,0.0,0.0,0.0,0.0,0.0,0.0,0.0,0.0
1,1,SND28150-00006-NR,STM,X0202MN 5BA4,0,36646,60320,46800,62800,66800,59840,62832.0,62832.0,62832.0,62832.0,62832.0,0.0,0.0,0.0,0.0,0.0,0.0,0.0,0.0,0.0,0.0,0.0,0.0,0.0,0.0,0.0,0.0,0.0,0.0,0.0,0.0,0.0,0.0,0.0,0.0,0.0,0.0,0.0,0.0,0.0,0.0,0.0,0.0,0.0,0.0,0.0,0.0,0.0,0.0,0.0,0.0,0.0,0.0,0.0,0.0,0.0,0.0,0.0,0.0
1,1,SNDHUA39594-NR,DIO,BC857BLP4-7B,6171,32337,37716,31799,33934,15960,5933,4719.6,4719.6,4719.6,4719.6,4719.6,193849.0,55463.0,62706.0,56487.0,58994.0,60144.0,61910.0,33163.8,33163.8,33163.8,33163.8,33163.8,82294.0,62011.0,51324.0,64131.0,71734.0,81396.0,73550.0,34547.4,34547.4,34547.4,34547.4,34547.4,115000.0,0.0,3864.0,68011.0,52532.0,74014.0,24150.0,616.2,616.2,616.2,616.2,616.2,36340.0,141036.0,110124.0,0.0,16560.0,11592.0,88872.0,616.2,616.2,616.2,616.2,616.2
1,1,SNDPFX052838B-NR,DIO,DMP2066LSS-13,49566,10490,47307,38378,31038,28314,28087,13891.2,13891.2,13891.2,13891.2,13891.2,76218.0,32732.0,41241.0,43750.0,43184.0,41612.0,38256.0,24731.2,24731.2,24731.2,24731.2,24731.2,0.0,0.0,0.0,0.0,0.0,0.0,0.0,0.0,0.0,0.0,0.0,0.0,0.0,0.0,0.0,0.0,0.0,0.0,0.0,0.0,0.0,0.0,0.0,0.0,0.0,0.0,0.0,0.0,0.0,0.0,0.0,0.0,0.0,0.0,0.0,0.0
1,1,SNDPFX059052E-NR,RHM,EMD6T2R,29976,6844,25048,22696,19948,18576,17524,8733.6,8733.6,8733.6,8733.6,8733.6,49768.0,19852.0,25136.0,25846.0,25788.0,25204.0,22916.0,14348.8,14348.8,14348.8,14348.8,14348.8,0.0,0.0,0.0,0.0,0.0,0.0,0.0,0.0,0.0,0.0,0.0,0.0,0.0,0.0,0.0,0.0,0.0,0.0,0.0,0.0,0.0,0.0,0.0,0.0,0.0,0.0,0.0,0.0,0.0,0.0,0.0,0.0,0.0,0.0,0.0,0.0
1,1,SNDPFX061006B-NR,SEM,SRV05-4.TCT,19894,4186,22907,13450,11257,12412,10878,5470.8,5470.8,5470.8,5470.8,5470.8,31551.0,13612.0,17538.0,18763.0,18636.0,17956.0,16676.0,11126.8,11126.8,11126.8,11126.8,11126.8,2688.0,41.0,15015.0,23086.0,20914.0,20614.0,20080.0,13363.4,13363.4,13363.4,13363.4,13363.4,16084.0,9394.0,12938.0,11435.0,10487.0,12897.0,15164.0,9415.8,9415.8,9415.8,9415.8,9415.8,0.0,0.0,0.0,0.0,0.0,0.0,0.0,9415.8,9415.8,9415.8,9415.8,9415.8
1,1,SNDPFX062371G-NR,RHM,EMX2T2R,8336,1640,15711,3556,4009,7598,5954,3206.4,3206.4,3206.4,3206.4,3206.4,14005.0,6660.0,8952.0,10290.0,10212.0,9848.0,9274.0,6185.6,6185.6,6185.6,6185.6,6185.6,1743.0,41.0,7953.0,11400.0,10706.0,10726.0,10060.0,7066.2,7066.2,7066.2,7066.2,7066.2,8467.0,6767.0,6929.0,6709.0,4482.0,5970.0,6876.0,5826.4,5826.4,5826.4,5826.4,5826.4,16670.0,1109.0,19145.0,16499.0,14292.0,14444.0,12231.0,5826.4,5826.4,5826.4,5826.4,5826.4
1,1,SW5010155,DIO,DMN32D2LFB4-7,205614,127756,190500,164750,123000,151000,154000,118700.0,118700.0,118700.0,118700.0,118700.0,380918.0,169064.0,239447.0,189763.0,245904.0,251356.0,164784.0,175683.2,175683.2,175683.2,175683.2,175683.2,90026.0,110942.0,182992.0,124760.0,148059.0,118692.0,139684.0,121867.0,121867.0,121867.0,121867.0,121867.0,0.0,0.0,0.0,0.0,0.0,0.0,0.0,0.0,0.0,0.0,0.0,0.0,201419.0,118683.0,185256.0,206861.0,164347.0,166721.0,151786.0,0.0,0.0,0.0,0.0,0.0
1,1,192007733,DIO,BAT54LP-7,0,0,0,0,0,0,0,0.0,0.0,0.0,0.0,0.0,0.0,0.0,0.0,0.0,0.0,0.0,0.0,0.0,0.0,0.0,0.0,0.0,0.0,0.0,0.0,0.0,0.0,0.0,0.0,0.0,0.0,0.0,0.0,0.0,0.0,0.0,0.0,0.0,0.0,0.0,0.0,0.0,0.0,0.0,0.0,0.0,0.0,0.0,0.0,0.0,0.0,0.0,0.0,0.0,0.0,0.0,0.0,0.0
1,1,192014171,DIO,DMG3415U-7,0,0,0,0,0,0,0,0.0,0.0,0.0,0.0,0.0,0.0,0.0,0.0,0.0,0.0,0.0,0.0,0.0,0.0,0.0,0.0,0.0,0.0,0.0,0.0,0.0,0.0,0.0,0.0,0.0,0.0,0.0,0.0,0.0,0.0,0.0,0.0,0.0,0.0,0.0,0.0,0.0,0.0,0.0,0.0,0.0,0.0,0.0,0.0,0.0,0.0,0.0,0.0,0.0,0.0,0.0,0.0,0.0
1,1,192021717,FSC,FSA2567MPX,0,0,0,0,0,0,0,0.0,0.0,0.0,0.0,0.0,0.0,0.0,0.0,0.0,0.0,0.0,0.0,0.0,0.0,0.0,0.0,0.0,0.0,0.0,0.0,0.0,0.0,0.0,0.0,0.0,0.0,0.0,0.0,0.0,0.0,0.0,0.0,0.0,0.0,0.0,0.0,0.0,0.0,0.0,0.0,0.0,0.0,0.0,0.0,0.0,0.0,0.0,0.0,0.0,0.0,0.0,0.0,0.0
1,1,3444IRLR024S-E,IFA,IRLR024NTRLPBF,0,0,0,0,0,0,0,0.0,0.0,0.0,0.0,0.0,0.0,0.0,0.0,0.0,0.0,0.0,0.0,0.0,0.0,0.0,0.0,0.0,0.0,0.0,0.0,0.0,0.0,0.0,0.0,0.0,0.0,0.0,0.0,0.0,0.0,0.0,0.0,0.0,0.0,0.0,0.0,0.0,0.0,0.0,0.0,0.0,0.0,0.0,0.0,0.0,0.0,0.0,0.0,0.0,0.0,0.0,0.0,0.0
1,1,3444IRLR024S-E,INF,IRLR024NTRLPBF,0,0,0,0,0,0,0,0.0,0.0,0.0,0.0,0.0,0.0,0.0,0.0,0.0,0.0,0.0,0.0,0.0,0.0,0.0,0.0,0.0,0.0,0.0,0.0,0.0,0.0,0.0,0.0,0.0,0.0,0.0,0.0,0.0,0.0,0.0,0.0,0.0,0.0,0.0,0.0,0.0,0.0,0.0,0.0,0.0,0.0,0.0,0.0,0.0,0.0,0.0,0.0,0.0,0.0,0.0,0.0,0.0
1,1,69245-2,MCP,AT24C32D-SSHM-T,0,0,0,0,0,0,0,0.0,0.0,0.0,0.0,0.0,0.0,0.0,0.0,0.0,0.0,0.0,0.0,0.0,0.0,0.0,0.0,0.0,0.0,0.0,0.0,0.0,0.0,0.0,0.0,0.0,0.0,0.0,0.0,0.0,0.0,0.0,0.0,0.0,0.0,0.0,0.0,0.0,0.0,0.0,0.0,0.0,0.0,0.0,0.0,0.0,0.0,0.0,0.0,0.0,0.0,0.0,0.0,0.0
0,1,69245-2,MCP,24AA32AT-I/SN,0,0,0,0,0,0,0,0.0,0.0,0.0,0.0,0.0,0.0,0.0,0.0,0.0,0.0,0.0,0.0,0.0,0.0,0.0,0.0,0.0,0.0,0.0,0.0,0.0,0.0,0.0,0.0,0.0,0.0,0.0,0.0,0.0,0.0,0.0,0.0,0.0,0.0,0.0,0.0,0.0,0.0,0.0,0.0,0.0,0.0,0.0,0.0,0.0,0.0,0.0,0.0,0.0,0.0,0.0,0.0,0.0
1,1,72034-1,DIO,B0520LW-7-F,0,0,0,0,0,0,0,0.0,0.0,0.0,0.0,0.0,424680.0,154680.0,224580.0,195260.0,111020.0,124240.0,111420.0,174127.8,174127.8,174127.8,174127.8,174127.8,221687.0,264480.0,53860.0,268880.0,135880.0,135398.0,192668.0,157920.0,157920.0,157920.0,157920.0,157920.0,0.0,0.0,0.0,0.0,0.0,0.0,0.0,0.0,0.0,0.0,0.0,0.0,0.0,0.0,0.0,0.0,0.0,0.0,0.0,0.0,0.0,0.0,0.0,0.0
1,1,72280-1,STM,STPS3150U,0,0,0,0,0,0,0,0.0,0.0,0.0,0.0,0.0,0.0,0.0,0.0,0.0,0.0,0.0,0.0,0.0,0.0,0.0,0.0,0.0,0.0,0.0,0.0,0.0,0.0,0.0,0.0,0.0,0.0,0.0,0.0,0.0,0.0,0.0,0.0,0.0,0.0,0.0,0.0,0.0,0.0,0.0,0.0,0.0,0.0,0.0,0.0,0.0,0.0,0.0,0.0,0.0,0.0,0.0,0.0,0.0
2,1,ECMP000019,DIO,DF04S-T,0,0,0,0,0,0,0,0.0,0.0,0.0,0.0,0.0,0.0,0.0,0.0,0.0,0.0,0.0,0.0,0.0,0.0,0.0,0.0,0.0,0.0,0.0,0.0,0.0,0.0,0.0,0.0,0.0,0.0,0.0,0.0,0.0,0.0,0.0,0.0,0.0,0.0,0.0,0.0,0.0,0.0,0.0,0.0,0.0,0.0,0.0,0.0,0.0,0.0,0.0,0.0,0.0,0.0,0.0,0.0,0.0
1,1,ECMP000022,DIO,MMSZ5241B-7-F,0,0,0,0,0,0,0,0.0,0.0,0.0,0.0,0.0,0.0,0.0,0.0,0.0,0.0,0.0,0.0,0.0,0.0,0.0,0.0,0.0,0.0,0.0,0.0,0.0,0.0,0.0,0.0,0.0,0.0,0.0,0.0,0.0,0.0,0.0,0.0,0.0,0.0,0.0,0.0,0.0,0.0,0.0,0.0,0.0,0.0,0.0,0.0,0.0,0.0,0.0,0.0,0.0,0.0,0.0,0.0,0.0
1,1,ECMP000023,LF,SP1003-01DTG,0,0,0,0,0,0,0,0.0,0.0,0.0,0.0,0.0,0.0,0.0,0.0,0.0,0.0,0.0,0.0,0.0,0.0,0.0,0.0,0.0,0.0,0.0,0.0,0.0,0.0,0.0,0.0,0.0,0.0,0.0,0.0,0.0,0.0,0.0,0.0,0.0,0.0,0.0,0.0,0.0,0.0,0.0,0.0,0.0,0.0,0.0,0.0,0.0,0.0,0.0,0.0,0.0,0.0,0.0,0.0,0.0
1,1,ECMP000025,LF,1.5KE250CA,0,0,0,0,0,0,0,0.0,0.0,0.0,0.0,0.0,0.0,0.0,0.0,0.0,0.0,0.0,0.0,0.0,0.0,0.0,0.0,0.0,0.0,0.0,0.0,0.0,0.0,0.0,0.0,0.0,0.0,0.0,0.0,0.0,0.0,0.0,0.0,0.0,0.0,0.0,0.0,0.0,0.0,0.0,0.0,0.0,0.0,0.0,0.0,0.0,0.0,0.0,0.0,0.0,0.0,0.0,0.0,0.0
1,1,ECMP000200,ABR,ABS07-151-32.768KHZ-T,0,0,0,0,0,0,0,0.0,0.0,0.0,0.0,0.0,0.0,0.0,0.0,0.0,0.0,0.0,0.0,0.0,0.0,0.0,0.0,0.0,0.0,0.0,0.0,0.0,0.0,0.0,0.0,0.0,0.0,0.0,0.0,0.0,0.0,0.0,0.0,0.0,0.0,0.0,0.0,0.0,0.0,0.0,0.0,0.0,0.0,0.0,0.0,0.0,0.0,0.0,0.0,0.0,0.0,0.0,0.0,0.0
1,1,ECMP000504,ABR,AB26TRQ-32.768KHZ-T,0,0,0,0,0,0,0,0.0,0.0,0.0,0.0,0.0,112976.0,65344.0,129600.0,144592.0,187200.0,231600.0,186000.0,93776.0,93776.0,93776.0,93776.0,93776.0,70862.0,85664.0,86000.0,104000.0,60000.0,78000.0,114000.0,30832.0,30832.0,30832.0,30832.0,30832.0,0.0,0.0,0.0,0.0,0.0,0.0,0.0,0.0,0.0,0.0,0.0,0.0,79991.0,106400.0,84000.0,121564.0,143650.0,149280.0,70329.0,0.0,0.0,0.0,0.0,0.0
1,1,GE9938048007,MCP,AT24C128C-SSHM-T,0,0,0,0,0,0,0,0.0,0.0,0.0,0.0,0.0,0.0,0.0,0.0,0.0,0.0,0.0,0.0,0.0,0.0,0.0,0.0,0.0,0.0,0.0,0.0,0.0,0.0,0.0,0.0,0.0,0.0,0.0,0.0,0.0,0.0,0.0,0.0,0.0,0.0,0.0,0.0,0.0,0.0,0.0,0.0,0.0,0.0,0.0,0.0,0.0,0.0,0.0,0.0,0.0,0.0,0.0,0.0,0.0
2,1,GE9938052116,DIO,BAT54S-7-F,0,0,0,0,0,0,0,0.0,0.0,0.0,0.0,0.0,0.0,0.0,0.0,0.0,0.0,0.0,0.0,0.0,0.0,0.0,0.0,0.0,0.0,0.0,0.0,0.0,0.0,0.0,0.0,0.0,0.0,0.0,0.0,0.0,0.0,0.0,0.0,0.0,0.0,0.0,0.0,0.0,0.0,0.0,0.0,0.0,0.0,0.0,0.0,0.0,0.0,0.0,0.0,0.0,0.0,0.0,0.0,0.0
