COMPANY,BILLTO,MRPVSCONT,NUM_FPN,NUM_CPN,CPN,MFR,MFR_PART,FPN,PRIORITY,CLASS,EAU,BOND_QTY,BOND_DELTA,BOND_ALLOC,ATS_BOL,ATS_MTL,ATS_ASIA,ATS_EUR,DELTA,WKS_SUPPLY,CUTOFFDATE,TREND,VOLAT_PERC,ACCUR_PERC,TOTAL_CBO,TOT_ALLOC,PROV_ALLOC,NA_PBO,EUR_PBO,ASIA_PBO,USE_1_12,USE_13_24,USE_13_16,USE_9_12,USE_5_8,USE_1_4,PASTDUE,WEEK1,WEEK2,WEEK3,WEEK4,WEEK5,WEEK6,MRP_1_4,MRP_5_8,MRP_9_12,MRP_13_16,MRP_17_20,MRP_21_24,MRP_25_28,MRP_OVER28,MRP_1_12,GROSS_NET,QOH,FCQOH,INTRANSIT,FRESALE,UOM,CRESALE,RESCHK,PRODUCTYPE,FMPQ,CMPQ,MPQCHK,CPNDESC,BIN_LOC,CONTR_NUM,CONTR_LINE,CONTR_STRT,CONTR_END,EXTRA1,EXTRA2,EXTRA3,LOI_NUM,CUST_PO,CUSTPOLINE,IS_LF,IS_ROHS,A_LF_PB,A_ROHS,END_CUST,PROG_PART,WEEK13,MRPPD_13,NET_90DAY,RUN_DATE,PAPER_WORK,NETGRECEIV,QOHDEDUCT,CBODEDUCT,FCQOHDEDUC,CUST_NET90,ACTIONET90,CBOBONDALC,CODE,NOTES,USERNAME,MODDATE,MANUALOC,LEADTIME,CUSTMPN
FUTA,JS005B,MC,1,1,12-1070,DIO,B340A-13-F,MBRA340TR,001,4V,390000,0,0,0,0,0,1345000,0,1350585,30 Weeks+,8/5/2019,0.49%,No previous data found,No previous data found,0,0,0,840000,1770000,2760000,100000,165000,80000,20000,55000,25000,0,888,0,0,0,0,0,888,0,0,0,0,0,0,0,888,Gross MRP data - QOH provided,6473,0,0,0.029000,E,0.000000,Empty Customer Price,Common Bond,5000,0,Empty Customer MPQ,In-Transit:Sales=0;CBO=0,,CT#9999,003,1/15/2016,1/1/2020,888,888,VN0101RICONSIGN,BIM-JABIL VN-SMCI,1853031339,000001,Y,Y,N,N,,,0,888,0,1/5/2019,,Gross MRP Received,N,N,N,0,0,0,,,,,N,16,B340A-13-F
FUTA,JS005B,MC,1,1,188735397,DIO,BAV99W-7-F,BAV99WT1,001,04,60000,27000,0,27000,0,0,2043000,44000,2070271,30 Weeks+,8/5/2019,67.40%,No previous data found,No previous data found,0,0,0,66000,1050000,0,42000,57000,21000,12000,6000,24000,14607,6353,4250,1545,0,3077,3077,12148,10131,12016,8170,15131,19781,18016,93984,34295,Gross MRP data - QOH provided,22173,27000,0,0.007800,E,0.000000,Empty Customer Price,Common Bond,3000,0,Empty Customer MPQ,In-Transit:Sales=15000;CBO=0,,CT#9999,007,1/15/2016,1/1/2020,26755,26755,VN0101RICONSIGN,BIM-JABIL VN-SMCI,1853020240,000001,Y,Y,N,N,,,1935,50837,26729,1/5/2019,,Gross MRP Received,N,N,N,26729,26729,27000,,,,,N,24,BAV99W-7-F
FUTA,JS005B,MC,1,1,189071031,DIO,DMP2215L-7,DMP2215LTR,001,4Y,300000,183000,0,183000,15000,0,276000,12000,452267,30 Weeks+,8/5/2019,69.94%,No previous data found,No previous data found,0,0,0,9000,0,0,39000,39000,15000,15000,12000,12000,11560,5332,3400,915,0,3129,3131,9647,9939,10578,7604,14058,18224,15975,81704,30164,Gross MRP data - QOH provided,7991,27000,0,0.031000,E,0.000000,Empty Customer Price,Common Bond,3000,0,Empty Customer MPQ,In-Transit:Sales=24000;CBO=0,,CT#9999,008,1/15/2016,1/1/2020,21207,21207,VN0101RICONSIGN,BIM-JABIL VN-SMCI,1853030281,000001,Y,Y,N,N,,,2041,43765,33733,1/5/2019,,Gross MRP Received,N,N,N,33733,33733,183000,,,,,N,40,DMP2215L-7
FUTA,JS005B,MC,1,1,189103664,DIO,BZT52C43-7-F,BZT52C43TR,001,4X,258000,84000,0,84000,45000,0,174000,45000,237421,30 Weeks+,8/5/2019,82.67%,No previous data found,No previous data found,0,0,0,12000,0,138000,93000,129000,57000,30000,33000,30000,21719,7005,11898,8630,10524,5981,12864,38057,40446,32278,13224,33946,25619,27830,108692,110781,Gross MRP data - QOH provided,42921,69000,0,0.008500,E,0.000000,Empty Customer Price,Common Bond,3000,0,Empty Customer MPQ,In-Transit:Sales=54000;CBO=0,,1853022412,009,1/15/2016,1/1/2020,49252,59776,VN0101RICONSIGN,BIM-JABIL VN-SMCI,1853029656,000001,Y,Y,N,N,,,6267,138767,89579,1/5/2019,,Gross MRP Received,N,N,N,89579,89579,84000,,,,,N,24,BZT52C43-7-F
FUTA,JS005B,MC,1,1,189239000,DIO,HD04-T,HD04TR,001,4V,900000,192000,123000,69000,432000,0,0,417000,-44538,0 Weeks,1/7/2019,90.27%,No previous data found,No previous data found,0,0,0,105000,792000,897000,222000,240000,81000,39000,93000,90000,60807,17336,27183,14484,10524,20171,27056,69527,83346,76954,43702,89357,75693,66651,359700,229827,Gross MRP data - QOH provided,63096,114000,0,0.044500,E,0.000000,Empty Customer Price,Common Bond,3000,0,Empty Customer MPQ,In-Transit:Sales=57000;CBO=0,,1853023228,109,9/26/2016,1/1/2020,119810,130334,VN0101RICONSIGN,BIM-JABIL VN-SMCI,1853030342,000001,Y,Y,N,N,,,13326,303960,227538,1/5/2019,,Gross MRP Received,N,N,N,227538,227538,69000,,,,,N,32,HD04-T
FUTA,JS005B,MC,1,1,192001997,DIO,ZXTN07045EFFTA,ZXTN07045EFFTA,001,04,165000,0,0,0,36000,0,0,0,65304,-1 Weeks,12/31/2018,28.89%,No previous data found,No previous data found,0,0,0,48000,30000,132000,36000,30000,9000,15000,9000,12000,10968,0,4000,4000,0,0,1250,8000,3750,1250,0,0,5000,4000,6000,13000,Gross MRP data - QOH provided,32272,57000,0,0.101000,E,0.000000,Empty Customer Price,Common Bond,3000,0,Empty Customer MPQ,In-Transit:Sales=27000;CBO=0,,CT#9999,011,1/15/2016,1/1/2020,18968,18968,VN0101RICONSIGN,BIM-JABIL VN-SMCI,1853028969,000001,Y,Y,N,N,,,0,23968,0,1/5/2019,,Gross MRP Received,N,N,N,0,0,0,,,,,N,35,ZXTN07045EFFTA
FUTA,JS005B,MC,1,1,34292777S-E,MCP,MIC2777-31YM5-TR,MIC2777-31YM5TR,001,27,12000,3000,3000,0,0,0,0,0,-5934,0 Weeks,1/7/2019,246.08%,No previous data found,No previous data found,0,0,0,0,0,12000,9000,6000,3000,3000,0,6000,0,4370,2582,2010,0,3347,1150,8962,6117,9401,5050,5958,4720,4675,10250,24480,Gross MRP data - QOH provided,12546,6000,0,0.440000,E,0.000000,Empty Customer Price,L,3000,0,Empty Customer MPQ,In-Transit:Sales=3000;CBO=0,,CT#9999,116,2/21/2017,1/1/2020,8962,8962,VN0101RICONSIGN,BIM-JABIL VN-SMCI,1853028979,000001,Y,Y,N,N,,,1000,25480,11934,1/5/2019,,Gross MRP Received,N,N,N,11934,11934,0,,,,,N,12,MIC2777-31YM5TR
FUTA,JS005B,MC,1,1,34294040S-E,MCP,LM4040CYM3-5.0-TR,LM4040CIM3X-5.0,001,27,12000,0,0,0,0,0,0,48000,445,0 Weeks,1/7/2019,19900.00%,No previous data found,No previous data found,0,0,0,6000,57000,120000,0,0,0,0,0,0,0,100,0,0,0,99,0,100,99,0,0,108,0,75,0,199,Gross MRP data - QOH provided,644,0,0,0.180000,E,0.000000,Empty Customer Price,Common Bond,3000,0,Empty Customer MPQ,In-Transit:Sales=0;CBO=0,,CT#9999,021,1/15/2016,1/1/2020,100,100,"981998,",BIM-JABIL VN-SMCI,1853020254,000001,Y,Y,N,N,,,0,199,0,1/5/2019,,Gross MRP Received,N,N,N,0,0,0,,,,,N,6,LM4040CYM3-5.0TR
FUTA,JS005B,MC,1,1,34402SB1188-E,DIO,2DB1188Q-13,2DB1188QTR,001,29,30000,25000,25000,0,0,0,0,0,-33220,0 Weeks,1/7/2019,345.31%,No previous data found,No previous data found,0,0,0,0,0,65000,12500,30000,12500,0,5000,7500,0,15624,12344,9000,0,11220,6000,36968,19220,17040,13100,9000,2200,2000,2000,73228,Gross MRP data - QOH provided,30008,10000,0,0.065000,E,0.000000,Empty Customer Price,L,2500,0,Empty Customer MPQ,In-Transit:Sales=0;CBO=0,,CT#9999,083,1/15/2016,1/1/2020,36968,36968,VN0101RICONSIGN,BIM-JABIL VN-SMCI,1853020315,000001,Y,Y,N,N,,,3000,76228,43220,1/5/2019,,Gross MRP Received,N,N,N,43220,43220,0,,,,,N,20,2DB1188Q-13
FUTA,JS005B,MC,1,1,3440MJD31CS-E,DIO,MJD31C-13,MJD31CT4,001,29,10000,2500,0,2500,0,0,410000,0,410030,30 Weeks+,8/5/2019,114.64%,No previous data found,No previous data found,0,0,0,10595000,45000,375000,5000,5000,2500,0,0,5000,0,306,1774,0,0,903,776,2080,1679,2168,2671,1670,2500,575,3600,5927,Gross MRP data - QOH provided,3457,0,0,0.064000,E,0.000000,Empty Customer Price,Common Bond,2500,0,Empty Customer MPQ,In-Transit:Sales=0;CBO=0,,CT#9999,022,1/15/2016,1/1/2020,2080,2080,VN0101RICONSIGN,BIM-JABIL VN-SMCI,1853020255,000001,Y,Y,N,N,,,0,5927,2470,1/5/2019,,Gross MRP Received,N,N,N,2470,2470,2500,,,,,N,20,MJD31C-13
FUTA,JS005B,MC,1,1,3441BAS16S-E,DIO,BAS16V-7,BAS16VTR,001,04,12000,0,0,0,0,0,6000,24000,8843,11 Weeks,3/25/2019,788600.00%,No previous data found,No previous data found,0,0,0,0,0,0,0,3000,0,0,0,0,0,2150,600,675,0,936,0,3425,936,2325,1200,450,1050,600,900,6686,Gross MRP data - QOH provided,9529,0,0,0.026500,E,0.000000,Empty Customer Price,Common Bond,3000,0,Empty Customer MPQ,In-Transit:Sales=0;CBO=0,,CT#9999,024,1/15/2016,1/1/2020,3425,3425,VN0101RICONSIGN,BIM-JABIL VN-SMCI,1853020257,000001,Y,Y,N,N,,,0,6686,0,1/5/2019,,Gross MRP Received,N,N,N,0,0,0,,,,,N,26,BAS16V-7
FUTA,JS005B,MC,1,1,3441BAT54S1-E,DIO,BAT54A-7-F,BAT54ATR,001,04,12000,3000,0,3000,57000,0,1395000,0,1394643,30 Weeks+,8/5/2019,136.66%,No previous data found,No previous data found,0,0,0,168000,246000,1503000,9000,3000,0,3000,3000,3000,0,3201,1400,550,0,396,1200,5151,2196,2486,2466,2232,1420,2600,4240,9833,Gross MRP data - QOH provided,6476,0,0,0.009900,E,0.000000,Empty Customer Price,Common Bond,3000,0,Empty Customer MPQ,In-Transit:Sales=0;CBO=0,,CT#9999,025,1/15/2016,1/1/2020,5151,5151,VN0101RICONSIGN,BIM-JABIL VN-SMCI,1853020258,000001,Y,Y,N,N,,,0,9833,3357,1/5/2019,,Gross MRP Received,N,N,N,3357,3357,3000,,,,,N,32,BAT54A-7-F
FUTA,JS005B,MC,2,1,3441BAT54S2-E,DIO,BAT54S-7-F,BAT54STR,001,04,36000,3000,3000,0,0,0,0,0,-22124,0 Weeks,1/7/2019,354.46%,No previous data found,No previous data found,0,0,0,4338000,3636000,25608000,21000,3000,0,3000,9000,9000,0,10863,4300,4300,0,9912,2900,19463,16416,20057,18500,16200,16400,10300,27750,55936,Gross MRP data - QOH provided,33812,0,0,0.008600,E,0.000000,Empty Customer Price,Common Bond,3000,0,Empty Customer MPQ,In-Transit:Sales=0;CBO=0,,CT#9999,026,1/15/2016,1/1/2020,19463,19463,VN0101RICONSIGN,BIM-JABIL VN-SMCI,1853020259,000001,Y,Y,N,N,,,4300,60236,22124,1/5/2019,,Gross MRP Received,N,N,N,22124,22124,0,,,,,N,32,BAT54S-7-F
FUTA,JS005B,MC,2,1,3441BAV70S-E,DIO,BAV70-7-F,BAV70LT1,001,04,12000,3000,0,3000,0,0,0,75000,23,1 Weeks,1/14/2019,280.27%,No previous data found,No previous data found,0,0,0,450000,1200000,6135000,3000,3000,0,0,3000,0,0,1675,1351,450,0,198,900,3476,1498,2034,1400,1823,1291,1425,3360,7008,Gross MRP data - QOH provided,4031,0,0,0.006800,E,0.000000,Empty Customer Price,Common Bond,3000,0,Empty Customer MPQ,In-Transit:Sales=0;CBO=0,,CT#9999,027,1/15/2016,1/1/2020,3476,3476,VN0101RICONSIGN,BIM-JABIL VN-SMCI,1853020260,000001,Y,Y,N,N,,,0,7008,2977,1/5/2019,,Gross MRP Received,N,N,N,2977,2977,3000,,,,,N,32,BAV70-7-F
FUTA,JS005B,MC,1,1,3441BAV99DWS-E,DIO,BAV99DW-7-F,BAV99DWLT1,001,04,12000,6000,0,6000,0,0,912000,246000,922169,30 Weeks+,8/5/2019,93.01%,No previous data found,No previous data found,0,0,0,216000,1872000,1674000,15000,0,0,3000,6000,6000,0,5408,2640,0,0,0,4000,8048,4000,1904,0,0,0,0,0,13952,Gross MRP data - QOH provided,6121,12000,0,0.014000,E,0.000000,Empty Customer Price,Common Bond,3000,0,Empty Customer MPQ,In-Transit:Sales=9000;CBO=0,,CT#9999,028,1/15/2016,1/1/2020,8048,8048,VN0101RICONSIGN,BIM-JABIL VN-SMCI,1853020261,000001,Y,Y,N,N,,,0,13952,7831,1/5/2019,,Gross MRP Received,N,N,N,7831,7831,6000,,,,,N,24,BAV99DW-7-F
FUTA,JS005B,MC,2,1,3442DF04S-E,DIO,DF04S-T,DF04STR,001,4V,111000,25500,0,25500,1500,0,276000,138000,319629,30 Weeks+,8/5/2019,250.88%,No previous data found,No previous data found,0,0,0,126000,0,0,64500,36000,12000,13500,34500,16500,0,23912,25517,10560,0,22053,9752,59989,37705,72432,21800,35550,23200,30250,67650,170126,Gross MRP data - QOH provided,93755,94500,0,0.057500,E,0.000000,Empty Customer Price,Common Bond,1500,0,Empty Customer MPQ,In-Transit:Sales=0;CBO=0,,CT#9999,029,1/15/2016,1/1/2020,59989,59989,VN0101RICONSIGN,BIM-JABIL VN-SMCI,1853020262,000001,Y,Y,N,N,,,0,170126,76371,1/5/2019,,Gross MRP Received,N,N,N,76371,76371,25500,,,,,N,30,DF04S-T
FUTA,JS005B,MC,1,1,3442MBRS1100S-E,DIO,B1100LB-13-F,MBRS1100T3,001,4V,12000,3000,0,3000,0,0,270000,156000,269750,30 Weeks+,8/5/2019,136.68%,No previous data found,No previous data found,0,0,0,138000,0,618000,9000,9000,3000,0,0,9000,0,1910,3158,260,0,1801,1475,5328,3476,4098,3500,2876,3800,1225,5700,12902,Gross MRP data - QOH provided,6652,3000,0,0.034600,E,0.000000,Empty Customer Price,Common Bond,3000,0,Empty Customer MPQ,In-Transit:Sales=3000;CBO=0,,CT#9999,030,1/15/2016,1/1/2020,5328,5328,VN0101RICONSIGN,BIM-JABIL VN-SMCI,1853020263,000001,Y,Y,N,N,,,0,12902,6250,1/5/2019,,Gross MRP Received,N,N,N,6250,6250,3000,,,,,N,16,B1100LB-13-F
FUTA,JS005B,MC,3,1,3442S1MS-E,DIO,S1M-13-F,S1MTR,001,4V,115000,95000,0,95000,160000,0,2155000,375000,4177161,30 Weeks+,8/5/2019,138.85%,No previous data found,No previous data found,0,0,0,1125000,900000,15700000,265000,50000,0,35000,75000,155000,0,64240,78112,29050,0,52150,900,171402,69950,88743,37850,64620,33100,64000,112650,330095,Gross MRP data - QOH provided,162256,2095000,0,0.013400,E,0.000000,Empty Customer Price,Common Bond,5000,0,Empty Customer MPQ,In-Transit:Sales=35000;CBO=0,,CT#9999,119,2/21/2017,1/1/2020,171402,171402,VN0101RICONSIGN,BIM-JABIL VN-SMCI,1853028982,000001,Y,Y,N,N,,,21900,351995,167839,1/5/2019,,Gross MRP Received,N,N,N,167839,167839,95000,,,,,N,16,S1M-13-F
FUTA,JS005B,MC,1,1,3442SBR20A200S-E,DIO,SBR20A200CTB-13,MBRB20200CT,001,4V,9600,800,800,0,0,0,0,13600,-3622,0 Weeks,1/7/2019,180.70%,No previous data found,No previous data found,0,0,0,6400,0,49600,5600,0,0,1600,0,4000,0,1987,843,750,0,650,600,3580,1550,3672,1317,1550,1300,1300,3450,8802,Gross MRP data - QOH provided,5180,0,0,0.245000,E,0.000000,Empty Customer Price,Common Bond,800,0,Empty Customer MPQ,In-Transit:Sales=0;CBO=0,,CT#9999,031,1/15/2016,1/1/2020,3580,3580,VN0101RICONSIGN,BIM-JABIL VN-SMCI,1853020264,000001,Y,Y,N,N,,,0,8802,3622,1/5/2019,,Gross MRP Received,N,N,N,3622,3622,0,,,,,N,20,SBR20A200CTB-13
FUTA,JS005B,MC,1,1,3442SK38BS-E,DIO,B380B-13-F,B380B-13-F,001,4V,3000,0,0,0,0,0,3000,0,4840,2 Weeks,1/21/2019,147.17%,No previous data found,No previous data found,0,0,0,0,24000,6000,6000,0,0,3000,3000,0,0,2380,0,1250,0,1000,0,3630,1000,2700,1500,1700,2000,0,0,7330,Gross MRP data - QOH provided,6170,3000,0,0.070000,E,0.000000,Empty Customer Price,Common Bond,3000,0,Empty Customer MPQ,In-Transit:Sales=0;CBO=0,,CT#9999,032,1/15/2016,1/1/2020,3630,3630,VN0101RICONSIGN,BIM-JABIL VN-SMCI,1853020265,000001,Y,Y,N,N,,,0,7330,1160,1/5/2019,,Gross MRP Received,N,N,N,1160,1160,0,,,,,N,16,B380B-13-F
FUTA,JS005B,MC,2,1,3442SS24S-E,DIO,B240-13-F,SS24TR,001,4V,36000,18000,6000,12000,0,0,0,6000,-11227,1 Weeks,1/14/2019,189.36%,No previous data found,No previous data found,0,0,0,309000,72000,1926000,12000,24000,15000,3000,0,9000,0,8350,7269,4500,0,6513,3476,20119,10989,11220,8800,6575,3100,1375,5100,42328,Gross MRP data - QOH provided,19101,0,0,0.030100,E,0.000000,Empty Customer Price,Common Bond,3000,0,Empty Customer MPQ,In-Transit:Sales=6000;CBO=0,,CT#9999,034,1/15/2016,1/1/2020,20119,20119,VN0101RICONSIGN,BIM-JABIL VN-SMCI,1853020267,000001,Y,Y,N,N,,,1500,43828,23227,1/5/2019,,Gross MRP Received,N,N,N,23227,23227,12000,,,,,N,16,B240-13-F
FUTA,JS005B,MC,1,1,3443CMPZ5258BS-E,DIO,MMBZ5258B-7-F,MMBZ5258B-7-F,001,4X,12000,75000,75000,0,0,0,0,0,87535,0 Weeks,1/7/2019,665.62%,No previous data found,No previous data found,0,0,0,75000,0,204000,27000,0,0,0,0,27000,0,17120,33898,16000,0,19200,0,67018,35200,53228,24272,30712,19200,33600,64800,155446,Gross MRP data - QOH provided,125981,117000,0,0.009000,E,0.000000,Empty Customer Price,Common Bond,3000,0,Empty Customer MPQ,In-Transit:Sales=84000;CBO=0,,CT#9999,036,1/15/2016,1/1/2020,67018,67018,VN0101RICONSIGN,BIM-JABIL VN-SMCI,1853020269,000001,Y,Y,N,N,,,9600,165046,29465,1/5/2019,,Gross MRP Received,N,N,N,29465,29465,0,,,,,N,32,MMBZ5258B-7-F
FUTA,JS005B,MC,1,1,3443MMSZ10S-E,DIO,BZT52C10-7-F,BZT52C10TR,001,4X,12000,6000,0,6000,81000,0,0,6000,-172,0 Weeks,1/7/2019,180.63%,No previous data found,No previous data found,0,0,0,105000,54000,567000,18000,3000,0,6000,6000,6000,0,9657,5200,2020,0,3199,600,16877,4399,8270,2967,6688,2500,5575,9050,29546,Gross MRP data - QOH provided,17374,6000,0,0.012000,E,0.000000,Empty Customer Price,Common Bond,3000,0,Empty Customer MPQ,In-Transit:Sales=0;CBO=0,,1853020270,037,1/15/2016,1/1/2020,16877,16877,VN0101RICONSIGN,BIM-JABIL VN-SMCI,1853020270,000001,Y,Y,N,N,,,1500,31046,12172,1/5/2019,,Gross MRP Received,N,N,N,12172,12172,6000,,,,,N,24,BZT52C10-7-F
FUTA,JS005B,MC,2,1,3443MMSZ12S-E,DIO,BZT52C12-7-F,BZT52C12TR,001,4X,27000,3000,0,3000,642000,0,987000,81000,1028378,30 Weeks+,8/5/2019,196.28%,No previous data found,No previous data found,0,0,0,0,90000,243000,12000,6000,0,0,6000,6000,0,6003,2785,1650,0,1296,1800,10438,4296,5087,3733,3928,3620,3050,7315,19821,Gross MRP data - QOH provided,13199,45000,0,0.008100,E,0.000000,Empty Customer Price,Common Bond,3000,0,Empty Customer MPQ,In-Transit:Sales=0;CBO=0,,CT#9999,038,1/15/2016,1/1/2020,10438,10438,VN0101RICONSIGN,BIM-JABIL VN-SMCI,1853020271,000001,Y,Y,N,N,,,1100,20921,6622,1/5/2019,,Gross MRP Received,N,N,N,6622,6622,3000,,,,,N,24,BZT52C12-7-F
FUTA,JS005B,MC,1,1,3444IRF640S-E,IFA,IRF640NSTRLPBF,IRF640NSTRL,001,26,2400,0,0,0,0,0,3200,0,3436,30 Weeks+,8/5/2019,20000.00%,No previous data found,No previous data found,0,0,0,0,0,800,0,0,0,0,0,0,0,200,0,0,0,0,0,200,0,0,0,214,0,150,0,200,Gross MRP data - QOH provided,436,0,0,0.329700,E,0.000000,Empty Customer Price,Common Bond,800,0,Empty Customer MPQ,In-Transit:Sales=0;CBO=0,,1853020275,111,9/29/2016,1/1/2020,200,200,VN0101RICONSIGN,BIM-JABIL VN-SMCI,1853020275,000001,Y,Y,N,N,,,0,200,0,1/5/2019,,Gross MRP Received,N,N,N,0,0,0,,,,,N,52,IRF640NSTRLPBF
FUTA,JS005B,MC,1,1,3444IRF7307S-E,IFA,IRF7307TRPBF,SI9928DY-T1,001,4Y,24000,8000,8000,0,0,0,0,0,5111,0 Weeks,1/7/2019,269.77%,No previous data found,No previous data found,0,0,0,0,0,48000,12000,8000,4000,12000,0,0,0,7812,6171,4500,0,5610,3000,18483,9610,8520,6550,4500,1100,1000,1000,36613,Gross MRP data - QOH provided,17724,24000,0,0.250600,E,0.000000,Empty Customer Price,L,4000,0,Empty Customer MPQ,In-Transit:Sales=16000;CBO=0,,CT#9999,120,2/21/2017,1/1/2020,18483,18483,VN0101RICONSIGN,BIM-JABIL VN-SMCI,1853028983,000001,Y,Y,N,N,,,1500,38113,18889,1/5/2019,,Gross MRP Received,N,N,N,18889,18889,0,,,,,N,39,IRF7307TRPBF
FUTA,JS005B,MC,1,1,3444IRFR24N15D-E,IFA,IRFR24N15DTRPBF,IRFR24N15DTR,001,4Y,6000,6000,0,6000,0,0,2000,0,219,2 Weeks,1/21/2019,243.52%,No previous data found,No previous data found,0,0,0,0,0,22000,10000,2000,0,4000,4000,2000,0,3687,2615,1835,0,2500,550,8137,4501,7414,4300,5380,4340,3900,8550,20052,Gross MRP data - QOH provided,8271,4000,0,0.300000,E,0.000000,Empty Customer Price,L,2000,0,Empty Customer MPQ,In-Transit:Sales=0;CBO=0,,CT#9999,106,9/12/2016,1/1/2020,8137,8137,VN0101RICONSIGN,BIM-JABIL VN-SMCI,1853020278,000001,Y,Y,N,N,,,1200,21252,11781,1/5/2019,,Gross MRP Received,N,N,N,11781,11781,6000,,,,,N,52,IRFR24N15DTRPBF
FUTA,JS005B,MC,1,1,346027LV0209S-E,GLT,GLS37VF020-70-3C-NHE,27LV2001-70JC-1,001,4E,38940,2250,0,2250,0,0,570,0,766,5 Weeks,2/11/2019,277.35%,No previous data found,No previous data found,0,0,0,0,0,0,2190,3000,0,0,1650,540,0,74,1477,0,0,903,576,1551,1479,1394,1650,762,2000,75,2200,4424,Gross MRP data - QOH provided,2190,180,0,0.600000,E,0.000000,Empty Customer Price,Customer Specific,30,0,Empty Customer MPQ,In-Transit:Sales=180;CBO=0,,CT#9999,085,1/15/2016,1/1/2020,1551,1551,VN0101RICONSIGN,BIM-JABIL VN-SMCI,1853020317,000001,Y,Y,N,N,,,0,4424,2234,1/5/2019,,Gross MRP Received,N,N,N,2234,2234,2250,,,,,N,8,GLS37VF020-70-3C-NHE
FUTA,JS005B,MC,1,1,69245-2,MC7,AT24C32D-SSHM-T,24AA32WSOITR-ATM,001,4G,400000,0,0,0,12000,0,0,0,-50868,-1 Weeks,12/31/2018,96.39%,No previous data found,No previous data found,0,0,0,0,0,0,160000,8000,8000,48000,32000,80000,880,2803,4544,3233,0,0,26430,10580,35986,62784,52588,6160,39072,21152,198048,109350,Gross MRP data - QOH provided,27362,32000,0,0.084500,E,0.000000,Empty Customer Price,Common Bond,4000,0,Empty Customer MPQ,In-Transit:Sales=0;CBO=0,,CT#9999,115,2/20/2017,1/1/2020,11460,11460,VN0101RICONSIGN,BIM-JABIL VN-SMCI,1853031254,000001,Y,Y,N,N,,,10500,120730,82868,1/5/2019,,Gross MRP Received,N,N,N,82868,82868,0,,,,,Y,6,AT24C32D-SSHM-T
FUTA,JS005B,MC,1,1,69813-3,ZTM,BV301S09020-235,BV301S09020-235,001,66,150000,68700,35850,32850,0,0,0,0,41229,5 Weeks,2/11/2019,248.04%,No previous data found,No previous data found,0,0,0,0,0,35850,34800,54000,3900,14700,7050,13050,0,4387,11000,5500,0,0,13352,20887,34252,17752,23100,23100,2352,15400,134436,72891,Gross MRP data - QOH provided,39720,41550,0,0.955000,E,0.000000,Empty Customer Price,NCNR,150,0,Empty Customer MPQ,In-Transit:Sales=0;CBO=0,,CT#9999,092,7/19/2016,1/1/2020,20887,34239,VN0101RICONSIGN,BIM-JABIL VN-SMCI,1853022645,000001,Y,Y,N,N,,,6600,79491,33171,1/5/2019,,Gross MRP Received,N,N,N,33171,33171,32850,,,,,N,12,BV301S09020-235
FUTA,JS005B,MC,1,1,69814-3,ZTM,BV302S09020-888,BV302S09020-888,001,66,421200,316500,316500,0,0,0,0,0,35303,0 Weeks,1/7/2019,75.71%,No previous data found,No previous data found,0,0,0,0,0,316500,204000,114000,28200,67650,31650,104700,0,21000,5400,2400,0,5400,19200,28800,34800,60000,52200,0,27600,19800,181800,123600,Gross MRP data - QOH provided,80453,78450,0,0.847000,E,0.000000,Empty Customer Price,NCNR,150,0,Empty Customer MPQ,In-Transit:Sales=69150;CBO=0,,CT#9999,093,7/19/2016,1/1/2020,28800,53400,VN0101RICONSIGN,BIM-JABIL VN-SMCI,1853029741,000001,Y,Y,N,N,,,11400,135000,43147,1/5/2019,,Gross MRP Received,N,N,N,43147,43147,0,,,,,N,12,BV302S09020-888
FUTA,JS005B,MC,3,1,70228-1,DIO,S1M-13-F,S1MTR,001,4V,1950000,630000,0,630000,160000,0,2155000,375000,2022539,15 Weeks,4/22/2019,100.22%,No previous data found,No previous data found,0,0,0,1125000,900000,15700000,2250000,1670000,570000,780000,650000,820000,30508,363922,267016,283980,72180,27500,257920,987098,532844,686036,620152,291340,351088,336708,2785808,2205978,Gross MRP data - QOH provided,1474025,0,0,0.013400,E,0.000000,Empty Customer Price,Common Bond,5000,0,Empty Customer MPQ,In-Transit:Sales=325000;CBO=0,,1853024237,051,1/15/2016,1/1/2020,945426,1017606,VN0101RICONSIGN,BIM-JABIL VN-SMCI,1853024237,000001,Y,Y,N,N,,,166500,2402986,762461,1/5/2019,,Gross MRP Received,N,N,N,762461,762461,630000,,,,,N,16,S1M-13-F
FUTA,JS005B,MC,2,1,70476-1,DIO,US1M-13-F,US1MTR,001,4V,5000,10000,0,10000,320000,0,390000,105000,386735,30 Weeks+,8/5/2019,6004400.00%,No previous data found,No previous data found,0,0,0,230000,4380000,2690000,0,0,0,0,0,0,4400,4844,1760,7920,0,0,5280,14524,7780,22320,15420,6160,13200,7040,47520,44624,Gross MRP data - QOH provided,35759,0,0,0.024500,E,0.000000,Empty Customer Price,Common Bond,5000,0,Empty Customer MPQ,In-Transit:Sales=0;CBO=0,,CT#9999,158,10/8/2018,1/1/2020,18924,18924,VN0101RICONSIGN,BIM-JABIL VN-SMCI,1853032729,000001,Y,Y,N,N,,,2500,51524,13265,1/5/2019,,Gross MRP Received,N,N,N,13265,13265,10000,,,,,N,16,US1M-13-F
FUTA,JS005B,MC,1,1,70845-2,DIO,SMCJ17CA-13-F,SMCJ17CATR,001,11,75000,36000,18000,18000,0,0,0,0,70114,1 Weeks,1/14/2019,131.50%,No previous data found,No previous data found,0,0,0,0,0,159000,96000,57000,15000,39000,12000,45000,0,17862,11000,5500,0,5500,11000,34362,40900,34900,35800,23100,4400,20900,152900,110162,Gross MRP data - QOH provided,66276,96000,0,0.103000,E,0.000000,Empty Customer Price,L,3000,0,Empty Customer MPQ,In-Transit:Sales=60000;CBO=0,,1853023357,112,10/10/2016,1/1/2020,34362,34362,VN0101RICONSIGN,BIM-JABIL VN-SMCI,1853023357,000001,Y,Y,N,N,,,10100,120262,43886,1/5/2019,,Gross MRP Received,N,N,N,43886,43886,18000,,,,,N,16,SMCJ17CA
FUTA,JS005B,MC,1,1,72034-1,DIO,B0520LW-7-F,MBR0520LT1,001,4V,3000,132000,0,132000,0,0,171000,126000,81201,2 Weeks,1/21/2019,99920000.00%,No previous data found,No previous data found,0,0,0,744000,1134000,1947000,0,0,0,0,0,0,18774,143850,109680,135060,36090,5500,73680,424680,154680,224580,195260,111020,124240,111420,870639,803940,Gross MRP data - QOH provided,600915,0,0,0.014300,E,0.000000,Empty Customer Price,Common Bond,3000,0,Empty Customer MPQ,In-Transit:Sales=0;CBO=0,,CT#9999,159,10/8/2018,1/1/2020,407364,443454,VN0101RICONSIGN,BIM-JABIL VN-SMCI,1853032730,000001,Y,Y,N,N,,,54600,877314,221799,1/5/2019,,Gross MRP Received,N,N,N,221799,221799,132000,,,,,N,20,B0520LW-7-F
FUTA,JS005B,MC,2,1,72212-1,CIT,CMR200T32768DZFT,32.768K-CMR200TT,001,68,600000,248000,10000,238000,418000,0,0,0,282179,3 Weeks,1/28/2019,103.97%,No previous data found,No previous data found,0,0,0,0,56000,580000,418000,308000,118000,148000,138000,132000,7627,84136,59460,69620,18045,5500,40580,231261,94780,122320,108920,67060,60800,64840,507699,448361,Gross MRP data - QOH provided,166167,334000,0,0.092000,E,0.000000,Empty Customer Price,Common Bond,2000,0,Empty Customer MPQ,In-Transit:Sales=242000;CBO=0,,1853024098,055,1/15/2016,1/1/2020,220843,238888,VN0101RICONSIGN,BIM-JABIL VN-SMCI,1853032364,000001,Y,Y,N,N,,,31100,487088,289821,1/5/2019,,Gross MRP Received,N,N,N,289821,289821,238000,,,,,N,14,CMR200T32768DZFT
FUTA,JS005B,MC,1,1,72305-1,DIO,RS1K-13-F,RS1K-13,001,4V,590000,180000,95000,85000,0,0,0,50000,47746,1 Weeks,1/14/2019,93.99%,No previous data found,No previous data found,0,0,0,15000,0,445000,255000,190000,100000,80000,120000,55000,3227,50429,46700,54000,18045,0,24300,169174,46100,62900,55500,37800,43200,36900,294300,278174,Gross MRP data - QOH provided,89147,155000,0,0.032800,E,0.000000,Empty Customer Price,Common Bond,5000,0,Empty Customer MPQ,In-Transit:Sales=65000;CBO=0,,CT#9999,056,1/15/2016,1/1/2020,154356,172401,VN0101RICONSIGN,BIM-JABIL VN-SMCI,1853020289,000001,Y,Y,N,N,,,18500,299901,192254,1/5/2019,,Gross MRP Received,N,N,N,192254,192254,85000,,,,,N,10,RS1K-13-F
FUTA,JS005B,MC,1,1,72307-2,DIO,B560C-13-F,B560CTR,001,4V,606000,69000,0,69000,276000,0,525000,18000,548774,30 Weeks+,8/5/2019,122.02%,No previous data found,No previous data found,0,0,0,0,165000,513000,87000,24000,6000,27000,27000,33000,3227,18978,17000,24300,0,0,14400,60278,17900,24800,10500,9000,13500,18000,136800,102978,Gross MRP data - QOH provided,21979,39000,0,0.075500,E,0.000000,Empty Customer Price,Common Bond,3000,0,Empty Customer MPQ,In-Transit:Sales=18000;CBO=0,,CT#9999,057,1/15/2016,1/1/2020,63505,63505,VN0101RICONSIGN,BIM-JABIL VN-SMCI,1853020290,000001,Y,Y,N,N,,,3500,109705,84226,1/5/2019,,Gross MRP Received,N,N,N,84226,84226,69000,,,,,N,16,B560C-13-F
FUTA,JS005B,MC,2,1,72586-12,DIO,BZT52C12-7-F,BZT52C12TR,001,4X,351000,72000,0,72000,642000,0,987000,81000,978804,30 Weeks+,8/5/2019,121.13%,No previous data found,No previous data found,0,0,0,0,90000,243000,120000,66000,15000,45000,9000,66000,0,28822,11000,7700,0,5500,11000,47522,40900,37100,38000,23100,4400,20900,165879,125522,Gross MRP data - QOH provided,45326,0,0,0.008100,E,0.000000,Empty Customer Price,Common Bond,3000,0,Empty Customer MPQ,In-Transit:Sales=0;CBO=0,,CT#9999,144,2/1/2018,1/1/2020,47522,47522,VN0101RICONSIGN,BIM-JABIL VN-SMCI,1853031195,000001,Y,Y,N,N,,,10100,135622,80196,1/5/2019,,Gross MRP Received,N,N,N,80196,80196,72000,,,,,N,24,BZT52C12-7-F
FUTA,JS005B,MC,1,1,848233/G-LF,DIO,US1G-13-F,US1GTR,001,4V,20000,60000,0,60000,0,0,215000,30000,232301,30 Weeks+,8/5/2019,175.77%,No previous data found,No previous data found,0,0,0,25000,540000,895000,55000,30000,5000,20000,15000,20000,0,7064,6600,12000,4800,4800,7200,30464,25200,21600,28200,28200,28200,21210,234266,77264,Gross MRP data - QOH provided,14565,20000,0,0.030000,E,0.000000,Empty Customer Price,Common Bond,5000,0,Empty Customer MPQ,In-Transit:Sales=10000;CBO=0,,CT#9999,059,1/15/2016,1/1/2020,25664,30464,VN0101RICONSIGN,BIM-JABIL VN-SMCI,1853020292,000001,Y,Y,N,N,,,7200,84464,62699,1/5/2019,,Gross MRP Received,N,N,N,62699,62699,60000,,,,,N,16,US1G-13-F
FUTA,JS005B,MC,1,1,DD213-0013,DIO,BSS138-7-F,BSS138LT1,001,04,3000000,1071000,882000,189000,144000,0,510000,0,700581,20 Weeks,5/27/2019,188.18%,No previous data found,No previous data found,0,0,0,3183000,27963000,21774000,153000,369000,153000,63000,0,90000,0,51510,74550,131422,3842,0,50000,261324,114500,100000,100000,100000,100000,100000,575000,475824,Gross MRP data - QOH provided,456405,21000,0,0.010400,E,0.000000,Empty Customer Price,Common Bond,3000,0,Empty Customer MPQ,In-Transit:Sales=0;CBO=0,,1853023072,095,8/11/2016,1/1/2020,257482,261324,VN0101RICONSIGN,BIM-JABIL VN-SMCI,1853023072,000001,Y,Y,N,N,,,25000,500824,19419,1/5/2019,,Gross MRP Received,N,N,N,19419,19419,189000,,,,,Y,52,BSS138-7-F
FUTA,JS005B,MC,1,1,DD213-0050,DIO,DMG2305UX-13,DMG2305UXTR,001,4Y,720000,240000,240000,0,150000,0,0,1928000,-255342,0 Weeks,1/7/2019,55982400.00%,No previous data found,No previous data found,0,0,0,840000,8630000,5260000,0,0,0,0,0,0,0,51510,58550,131422,3842,0,50000,245324,114500,100000,100000,100000,100000,100000,575000,459824,Gross MRP data - QOH provided,204482,0,0,0.022900,E,0.000000,Empty Customer Price,Common Bond,10000,0,Empty Customer MPQ,In-Transit:Sales=0;CBO=0,,CT#9999,155,7/10/2018,1/1/2020,241482,245324,VN0101RICONSIGN,BIM-JABIL VN-SMCI,1853032188,000001,Y,Y,N,N,,,25000,484824,255342,1/5/2019,,Gross MRP Received,N,N,N,255342,255342,0,,,,,N,40,DMG2305UX-13
FUTA,JS005B,MC,1,1,ECMP000222,DIO,AP3211KTR-G1,AP3211KTR-G1,001,09,3000,210000,126000,84000,9000,0,0,0,58570,1 Weeks,1/14/2019,98.21%,No previous data found,No previous data found,0,0,0,0,3000,186000,357000,126000,108000,96000,174000,87000,0,46679,48000,48000,48000,0,0,190679,63458,90000,112536,72000,96000,120000,368000,344137,Gross MRP data - QOH provided,99707,219000,0,0.060000,E,0.000000,Empty Customer Price,Common Bond,3000,0,Empty Customer MPQ,In-Transit:Sales=105000;CBO=0,,CT#9999,150,4/16/2018,1/1/2020,142679,190679,VN0101RICONSIGN,BIM-JABIL VN-SMCI,1853031632,000001,Y,Y,N,N,,,36000,380137,244430,1/5/2019,,Gross MRP Received,N,N,N,244430,244430,84000,,,,,N,22,AP3211KTR-G1
FUTA,JS005B,MC,1,1,ECMP000261,DIO,B220A-13-F,B220ATR,001,4V,5000,160000,85000,75000,35000,0,0,10000,133896,1 Weeks,1/14/2019,99.28%,No previous data found,No previous data found,0,0,0,110000,125000,685000,350000,130000,110000,90000,170000,90000,0,46679,48000,48000,48000,0,0,190679,63458,90000,112536,72000,96000,120000,368000,344137,Gross MRP data - QOH provided,133033,270000,0,0.030000,E,0.000000,Empty Customer Price,Common Bond,5000,0,Empty Customer MPQ,In-Transit:Sales=750000;CBO=0,,CT#9999,151,4/16/2018,1/1/2020,142679,190679,VN0101RICONSIGN,BIM-JABIL VN-SMCI,1853031633,000001,Y,Y,N,N,,,36000,380137,211104,1/5/2019,,Gross MRP Received,N,N,N,211104,211104,75000,,,,,N,16,B220A-13-F
FUTA,JS005B,MC,1,1,ECMP000425,ON,1SMB5956BT3G,1SMB5956BT3,001,4X,2500,0,0,0,2500,0,0,5000,-45519,0 Weeks,1/7/2019,112950400.00,No previous data found,No previous data found,0,0,0,7500,0,1087500,0,0,0,0,0,0,0,55036,52263,85497,62708,0,0,255504,160000,368000,346000,268000,253600,310000,726371,783504,Gross MRP data - QOH provided,737985,0,0,0.068000,E,0.000000,Empty Customer Price,Common Bond,2500,0,Empty Customer MPQ,In-Transit:Sales=0;CBO=0,,CT#9999,161,10/15/2018,1/1/2020,192796,255504,VN0101RICONSIGN,BIM-JABIL VN-SMCI,1853032658,000001,Y,Y,N,N,,,96000,879504,45519,1/5/2019,,Gross MRP Received,N,N,N,45519,45519,0,,,,,N,14,1SMB5956BT3G
FUTA,JS005B,MC,1,1,ECMP000463,MCP,24AA02T-I/OT,24AA02WOTITR,001,4G,2001000,387000,201000,186000,0,0,0,0,240148,2 Weeks,1/21/2019,97.80%,No previous data found,No previous data found,0,0,0,66000,0,510000,834000,1134000,324000,378000,213000,243000,0,55039,52263,85497,62708,0,0,255507,161920,368000,347128,311200,341200,370000,791171,785427,Gross MRP data - QOH provided,254575,585000,0,0.100000,E,0.000000,Empty Customer Price,Common Bond,3000,0,Empty Customer MPQ,In-Transit:Sales=315000;CBO=0,,CT#9999,145,2/7/2018,1/1/2020,192799,255507,VN0101RICONSIGN,BIM-JABIL VN-SMCI,1853031216,000001,Y,Y,N,N,,,96000,881427,530852,1/5/2019,,Gross MRP Received,N,N,N,530852,530852,186000,,,,,N,12,24AA02T-I/OT
FUTA,JS005B,MC,1,1,ECMP000504,ABR,AB26TRQ-32.768KHZ-T,32.768KHZ-AB26TRQ,001,68,356000,234000,234000,0,2000,0,0,0,-145201,0 Weeks,1/7/2019,80.81%,No previous data found,No previous data found,0,0,0,0,0,418000,392000,304000,168000,126000,124000,142000,0,40976,36000,0,36000,0,0,112976,65344,129600,144592,187200,231600,186000,468880,307920,Gross MRP data - QOH provided,32719,130000,0,0.148000,E,0.000000,Empty Customer Price,Common Bond,2000,0,Empty Customer MPQ,In-Transit:Sales=88000;CBO=0,,CT#9999,136,9/7/2017,1/1/2020,76976,112976,VN0101RICONSIGN,BIM-JABIL VN-SMCI,1853032154,000001,Y,Y,N,N,,,36000,343920,275201,1/5/2019,,Gross MRP Received,N,N,N,275201,275201,0,,,,,N,14,AB26TRQ-32.768KHZ-T
FUTA,JS005B,MC,1,1,GE103X763002,DIO,1N4148W-7-F,MMSD4148T1,001,04,3000000,819000,507000,312000,1338000,0,0,0,636274,5 Weeks,2/11/2019,127.51%,No previous data found,No previous data found,0,0,0,34197000,25494000,38157000,489000,225000,153000,165000,186000,138000,0,57823,62492,51690,97803,0,69885,269808,168645,192032,188160,66816,70656,66816,191232,630485,Gross MRP data - QOH provided,465759,489000,0,0.006600,E,0.000000,Empty Customer Price,Common Bond,3000,0,Empty Customer MPQ,In-Transit:Sales=30000;CBO=0,,CT#9999,147,3/9/2018,1/1/2020,172005,269808,VN0101RICONSIGN,BIM-JABIL VN-SMCI,1853031335,000001,Y,Y,N,N,,,96000,726485,164726,1/5/2019,,Gross MRP Received,N,N,N,164726,164726,312000,,,,,N,50,1N4148W-7-F
FUTA,JS005B,MC,1,1,GE103X804006,DIO,SB1100-T,SB1100-T,001,07,30000,30000,0,30000,0,0,0,0,9363,2 Weeks,1/21/2019,298.00%,No previous data found,No previous data found,0,0,0,0,5000,205000,45000,55000,25000,20000,15000,10000,0,8826,12502,13220,16148,14000,7000,50696,32501,48600,76800,29650,15600,26400,110400,131797,Gross MRP data - QOH provided,71160,40000,0,0.039700,E,0.000000,Empty Customer Price,Common Bond,5000,0,Empty Customer MPQ,In-Transit:Sales=10000;CBO=0,,CT#9999,060,1/15/2016,1/1/2020,34548,50696,VN0101RICONSIGN,BIM-JABIL VN-SMCI,1853020293,000001,Y,Y,N,N,,,19200,150997,60637,1/5/2019,,Gross MRP Received,N,N,N,60637,60637,30000,,,,,N,16,SB1100-T
FUTA,JS005B,MC,1,1,GE103X810002,GLT,GLS36VF1601G-70-4I-EKE,GLS36VF1601G-70-4I-EK,001,4F,960000,234528,161952,72576,0,0,0,0,9568,4 Weeks,2/4/2019,274.73%,No previous data found,No previous data found,0,0,0,0,0,148608,61824,52224,20064,18528,23712,19584,0,14198,15502,13220,20148,14000,7000,63068,36501,48600,76800,29650,15600,26400,110400,148169,Gross MRP data - QOH provided,36873,48288,0,1.080000,E,0.000000,Empty Customer Price,NCNR,96,0,Empty Customer MPQ,In-Transit:Sales=9216;CBO=0,,CT#9999,132,7/4/2017,1/1/2020,42920,63068,VN0101RICONSIGN,BIM-JABIL VN-SMCI,1853030739,000001,Y,Y,N,N,,,19200,167369,111296,1/5/2019,,Gross MRP Received,N,N,N,111296,111296,72576,,,,,N,20,GLS36VF1601G-70-4I-EKE
FUTA,JS005B,MC,1,1,GE9928052105,DIO,RS1M-13-F,RS1MTR,001,4V,90000,540000,0,540000,10000,0,125000,0,251711,8 Weeks,3/4/2019,142.06%,No previous data found,No previous data found,0,0,0,25000,120000,340000,620000,550000,195000,215000,235000,170000,0,83330,81804,64698,132803,0,78577,362635,227615,258496,309056,107520,113664,115684,373248,848746,Gross MRP data - QOH provided,175457,260000,0,0.031000,E,0.000000,Empty Customer Price,Common Bond,5000,0,Empty Customer MPQ,In-Transit:Sales=150000;CBO=0,,CT#9999,062,1/15/2016,1/1/2020,229832,362635,VN0101RICONSIGN,BIM-JABIL VN-SMCI,1853032458,000001,Y,Y,N,N,,,137472,986218,673289,1/5/2019,,Gross MRP Received,N,N,N,673289,673289,540000,,,,,N,16,RS1M-13-F
FUTA,JS005B,MC,1,1,GE9929816014,BIV,450-060,450-060,001,38,1926000,1249000,610000,639000,0,0,0,0,-108033,3 Weeks,1/28/2019,150.23%,No previous data found,No previous data found,0,0,0,0,0,630000,1300500,1134500,309500,440500,455000,405000,0,190164,171592,137560,288486,0,157154,787802,472830,534272,623872,230400,244608,246728,758016,1794904,Gross MRP data - QOH provided,524871,523000,0,0.020000,E,0.000000,Empty Customer Price,Customer Specific,1000,0,Empty Customer MPQ,In-Transit:Sales=0;CBO=0,,1853022551,063,1/15/2016,1/1/2020,499316,787802,VN0101RICONSIGN,BIM-JABIL VN-SMCI,1853032590,000001,Y,Y,N,N,,,280704,2075608,1270033,1/5/2019,,Gross MRP Received,N,N,N,1270033,1270033,639000,,,,,N,8,450-060
FUTA,JS005B,MC,1,1,GE9938051079,MCP,MIC4043YM4-TR,MIC4043BM4TR,001,27,1167000,987000,456000,531000,0,0,0,0,243541,11 Weeks,3/25/2019,172.09%,No previous data found,No previous data found,0,0,0,0,0,102000,384000,213000,123000,135000,138000,111000,0,59623,41161,38292,79250,16169,20164,218326,140013,215765,298416,181824,110208,86308,641856,574104,Gross MRP data - QOH provided,106645,180000,0,0.171000,E,0.000000,Empty Customer Price,L,3000,0,Empty Customer MPQ,In-Transit:Sales=66000;CBO=0,,1853022491,067,1/15/2016,1/1/2020,139076,218326,VN0101RICONSIGN,BIM-JABIL VN-SMCI,1853032459,000001,Y,Y,N,N,,,87712,661816,467459,1/5/2019,,Gross MRP Received,N,N,N,467459,467459,531000,,,,,N,12,MIC4043YM4TR
FUTA,JS005B,MC,1,1,GE9938052015,DIO,1N4934-T,1N4934TR,001,01,640000,20000,5000,15000,0,0,0,0,11478,3 Weeks,1/28/2019,135.74%,No previous data found,No previous data found,0,0,0,5000,0,15000,20000,10000,0,5000,15000,0,0,5137,6010,0,8000,0,0,19147,8000,0,0,0,0,0,0,27147,Gross MRP data - QOH provided,8625,15000,0,0.012000,E,0.000000,Empty Customer Price,L,5000,0,Empty Customer MPQ,In-Transit:Sales=5000;CBO=0,,CT#9999,069,1/15/2016,1/1/2020,11147,19147,VN0101RICONSIGN,BIM-JABIL VN-SMCI,1853020318,000001,Y,Y,N,N,,,0,27147,18522,1/5/2019,,Gross MRP Received,N,N,N,18522,18522,15000,,,,,N,8,1N4934-T
FUTA,JS005B,MC,1,1,GE9938052030,LF,V575LA40CP,V575LA40CP,001,1V,2000,9500,9500,0,0,0,0,0,2061,0 Weeks,1/7/2019,107.67%,No previous data found,No previous data found,0,0,0,0,0,13000,12500,7500,2500,5500,5500,1500,0,2746,3005,2400,4000,0,0,12151,4000,0,0,0,0,0,0,16151,Gross MRP data - QOH provided,7212,11000,0,0.085000,E,0.000000,Empty Customer Price,L,500,0,Empty Customer MPQ,In-Transit:Sales=7000;CBO=0,,1853023329,110,9/26/2016,1/1/2020,8151,12151,VN0101RICONSIGN,BIM-JABIL VN-SMCI,1853023329,000001,Y,Y,N,N,,,0,16151,8939,1/5/2019,,Gross MRP Received,N,N,N,8939,8939,0,,,,,N,10,V575LA40CP
FUTA,JS005B,MC,1,1,GE9938052076,DIO,DFLZ39-7,DFLZ39-7,001,4X,3300000,528000,0,528000,1758,0,549000,0,492737,12 Weeks,4/1/2019,282.11%,No previous data found,No previous data found,0,0,0,567000,0,45000,507000,6000,0,18000,252000,237000,0,119455,103705,89982,153683,2,78577,466825,259539,336336,367616,183440,99728,52708,427936,1062700,Gross MRP data - QOH provided,178437,300000,0,0.034400,E,0.000000,Empty Customer Price,Common Bond,3000,0,Empty Customer MPQ,In-Transit:Sales=123000;CBO=0,,1853022552,071,1/15/2016,1/1/2020,313142,466825,VN0101RICONSIGN,BIM-JABIL VN-SMCI,1853031688,000001,Y,Y,N,N,,,170112,1232812,884263,1/5/2019,,Gross MRP Received,N,N,N,884263,884263,528000,,,,,N,32,DFLZ39-7
FUTA,JS005B,MC,1,2,GE9938052077,SRG,GS1M,GS1MTR,001,4V,4500000,1552500,0,1552500,0,0,0,0,1691534,12 Weeks,4/1/2019,204604800.00,No previous data found,No previous data found,0,0,0,0,0,0,0,0,0,0,0,0,0,183096,144970,128274,209563,4,98741,665903,361905,491168,527072,302064,272112,172232,1051104,1518976,Gross MRP data - QOH provided,1658010,0,0,0.012000,E,0.000000,Empty Customer Price,Customer Specific,7500,0,Empty Customer MPQ,In-Transit:Sales=0;CBO=0,,CT#9999,157,9/28/2018,1/1/2020,456340,665903,VN0101RICONSIGN,BIM-JABIL VN-SMCI,1853032593,000001,Y,Y,N,N,,,224224,1743200,0,1/5/2019,,Gross MRP Received,N,N,N,0,0,1552500,,,,,N,12,GS1M
FUTA,JS005B,MC,2,1,GE9938052086,DIO,US1M-13-F,US1MTR,001,4V,5000,235000,0,235000,320000,0,390000,105000,450813,19 Weeks,5/20/2019,148.89%,No previous data found,No previous data found,0,0,0,230000,4380000,2690000,255000,160000,100000,90000,90000,75000,0,34116,21849,24084,40650,16169,0,120699,69571,140773,197520,141120,67200,37440,459840,331043,Gross MRP data - QOH provided,61856,95000,0,0.024500,E,0.000000,Empty Customer Price,Common Bond,5000,0,Empty Customer MPQ,In-Transit:Sales=35000;CBO=0,,CT#9999,072,1/15/2016,1/1/2020,80049,120699,VN0101RICONSIGN,BIM-JABIL VN-SMCI,1853020304,000001,Y,Y,N,N,,,66240,397283,269187,1/5/2019,,Gross MRP Received,N,N,N,269187,269187,235000,,,,,N,16,US1M-13-F
FUTA,JS005B,MC,2,1,GE9938052104,DIO,B240-13-F,SS24TR,001,4V,210000,231000,36000,195000,0,0,0,6000,58507,8 Weeks,3/4/2019,163.14%,No previous data found,No previous data found,0,0,0,309000,72000,1926000,243000,138000,81000,87000,96000,60000,0,34116,21849,24084,40650,16169,0,120699,69571,140773,197520,141120,67200,37440,459840,331043,Gross MRP data - QOH provided,62550,132000,0,0.030100,E,0.000000,Empty Customer Price,Common Bond,3000,0,Empty Customer MPQ,In-Transit:Sales=42000;CBO=0,,CT#9999,073,1/15/2016,1/1/2020,80049,120699,VN0101RICONSIGN,BIM-JABIL VN-SMCI,1853020305,000001,Y,Y,N,N,,,66240,397283,268493,1/5/2019,,Gross MRP Received,N,N,N,268493,268493,195000,,,,,N,16,B240-13-F
FUTA,JS005B,MC,1,1,GE994000000666,ABR,ASPI-7318-1R5M-T,ASPI-7318-1R5M-T,001,92,200000,34000,34000,0,0,0,0,0,-86910,0 Weeks,1/7/2019,46300500.00%,No previous data found,No previous data found,0,0,0,0,0,200000,0,0,0,0,0,0,0,11308,0,30170,79763,0,58336,121241,122116,74496,145152,46080,49920,46080,170496,317853,Gross MRP data - QOH provided,230943,0,0,0.170000,E,0.000000,Empty Customer Price,L,1000,0,Empty Customer MPQ,In-Transit:Sales=0;CBO=0,,CT#9999,164,12/13/2018,1/1/2020,41478,121241,VN0101RICONSIGN,BIM-JABIL VN-SMCI,1853033052,000001,Y,Y,N,N,,,75264,393117,86910,1/5/2019,,Gross MRP Received,N,N,N,86910,86910,0,,,,,N,15,ASPI-7318-1R5M-T
FUTA,JS005B,MC,2,2,GE994010010008,MCP,AT24C256C-SSHL-T,24AA256WSOITR-ATM-1,001,4G,4000,36000,36000,0,0,0,0,0,31588,0 Weeks,1/7/2019,18983900.00%,No previous data found,No previous data found,0,0,0,0,0,80000,0,0,0,0,0,0,0,13976,13400,10363,12400,10400,7000,50139,25100,42000,72600,25200,14400,25200,109200,117239,Gross MRP data - QOH provided,44827,104000,0,0.212000,E,0.000000,Empty Customer Price,Common Bond,4000,0,Empty Customer MPQ,In-Transit:Sales=60000;CBO=0,,CT#9999,165,12/18/2018,1/1/2020,37739,50139,VN0101RICONSIGN,BIM-JABIL VN-SMCI,1853020308,000001,Y,Y,N,N,,,18600,135839,72412,1/5/2019,,Gross MRP Received,N,N,N,72412,72412,0,,,,,N,7,AT24C256C-SSHL-T
FUTA,JS005B,MC,1,1,LGP000167850-LF.,DIO,DDTA114ECA-7-F,DDTA114ECATR,001,04,12000,0,0,0,0,0,0,0,55385,7 Weeks,2/25/2019,93.30%,No previous data found,No previous data found,0,0,0,927000,0,237000,24000,45000,15000,6000,18000,0,0,0,0,0,0,0,0,0,17955,0,18432,0,0,0,0,17955,Gross MRP data - QOH provided,55340,18000,0,0.008000,E,0.000000,Empty Customer Price,Common Bond,3000,0,Empty Customer MPQ,In-Transit:Sales=0;CBO=0,,CT#9999,079,1/15/2016,1/1/2020,0,0,VN0101RICONSIGN,BIM-JABIL VN-SMCI,1853020311,000001,Y,Y,N,N,,,18432,36387,0,1/5/2019,,Gross MRP Received,N,N,N,0,0,0,,,,,N,36,DDTA114ECA-7-F
FUTA,JS005B,MC,1,1,LGP000167970-LF.,DIO,BZT52C22-7-F,BZT52C22TR,001,4X,24000,0,0,0,15000,0,6000,0,38415,12 Weeks,4/1/2019,80.86%,No previous data found,No previous data found,0,0,0,0,63000,78000,6000,18000,9000,0,6000,0,0,0,0,0,0,0,0,0,5985,0,6144,0,0,0,0,5985,Gross MRP data - QOH provided,29400,9000,0,0.009800,E,0.000000,Empty Customer Price,Common Bond,3000,0,Empty Customer MPQ,In-Transit:Sales=0;CBO=0,,CT#9999,080,1/15/2016,1/1/2020,0,0,VN0101RICONSIGN,BIM-JABIL VN-SMCI,1853020312,000001,Y,Y,N,N,,,6144,12129,0,1/5/2019,,Gross MRP Received,N,N,N,0,0,0,,,,,N,24,BZT52C22-7-F
FUTA,JS005B,MC,1,1,LGP000168050-LF.,DIO,DCX124EU-7-F,DCX124EUTR,001,04,18000,0,0,0,3000,0,12000,63000,37401,12 Weeks,4/1/2019,1212900.00%,No previous data found,No previous data found,0,0,0,27000,216000,150000,0,12000,0,0,0,0,0,0,0,0,0,0,0,0,5985,0,6144,0,0,0,0,5985,Gross MRP data - QOH provided,19386,12000,0,0.019800,E,0.000000,Empty Customer Price,Common Bond,3000,0,Empty Customer MPQ,In-Transit:Sales=0;CBO=0,,CT#9999,081,1/15/2016,1/1/2020,0,0,VN0101RICONSIGN,BIM-JABIL VN-SMCI,1853020313,000001,Y,Y,N,N,,,6144,12129,0,1/5/2019,,Gross MRP Received,N,N,N,0,0,0,,,,,N,24,DCX124EU
FUTA,JS005B,MC,1,1,LGP000196740-LF.,ML7,SP483EEN-L/TR,MAX483EESATR,001,28,60000,0,0,0,250000,0,25000,0,39074,30 Weeks+,8/5/2019,60.65%,No previous data found,No previous data found,0,0,0,265000,75000,5000,15000,10000,5000,2500,7500,5000,0,0,0,0,0,0,0,0,5985,0,6144,0,0,0,0,5985,Gross MRP data - QOH provided,15059,5000,0,0.330000,E,0.000000,Empty Customer Price,Common Bond,2500,0,Empty Customer MPQ,In-Transit:Sales=0;CBO=0,,CT#9999,138,10/10/2017,1/1/2020,0,0,VN0101RICONSIGN,BIM-JABIL VN-SMCI,1853030707,000001,Y,Y,N,N,,,6144,12129,0,1/5/2019,,Gross MRP Received,N,N,N,0,0,0,,,,,N,16,SP483EEN-L/TR
FUTA,JS005B,MC,1,1,P000306680,LF,V14E385PL4B7,V14E385PL4B7/JABIL,001,1V,1000000,45500,33000,12500,0,0,0,0,-35120,3 Weeks,1/28/2019,11570000.00%,No previous data found,No previous data found,0,0,0,0,0,185000,0,0,0,0,0,0,0,700,5500,5500,5200,1800,4500,16900,13800,35000,50000,67500,75000,75000,38639,65700,Gross MRP data - QOH provided,18080,0,0,0.083000,E,0.000000,Empty Customer Price,L,500,0,Empty Customer MPQ,In-Transit:Sales=0;CBO=0,,CT#9999,162,10/29/2018,1/1/2020,11700,16900,VN0101RICONSIGN,BIM-JABIL VN-SMCI,1853032727,000001,Y,Y,N,N,,,10000,75700,47620,1/5/2019,,Gross MRP Received,N,N,N,47620,47620,12500,,,,,N,10,V14E385PL4B7
FUTA,JS005B,MC,1,1,P000342860,LF,P6SMB150A,P6SMB150A/LG,001,11,1002000,36000,36000,0,0,0,0,0,-43453,0 Weeks,1/7/2019,11554000.00%,No previous data found,No previous data found,0,0,0,0,0,132000,0,0,0,0,0,0,0,540,5500,5500,5200,1800,4500,16740,13800,35000,50000,67500,75000,75000,38639,65540,Gross MRP data - QOH provided,22087,0,0,0.038000,E,0.000000,Empty Customer Price,L,3000,0,Empty Customer MPQ,In-Transit:Sales=0;CBO=0,,CT#9999,163,10/29/2018,1/1/2020,11540,16740,VN0101RICONSIGN,BIM-JABIL VN-SMCI,1853032728,000001,Y,Y,N,N,,,10000,75540,43453,1/5/2019,,Gross MRP Received,N,N,N,43453,43453,0,,,,,N,12,P6SMB150A
FUTA,JS005B,MC,1,1,SND1TRA012491-NR,DIO,ZXMP6A17E6TA,ZXMP6A17E6TA,001,4Y,12000,0,0,0,15000,0,0,144000,26867,-1 Weeks,12/31/2018,430.76%,No previous data found,No previous data found,0,0,0,57000,174000,1887000,9000,3000,0,0,0,9000,1879,1086,1535,6854,7161,0,1563,16636,5014,8469,8649,8524,11140,11236,36530,30119,Gross MRP data - QOH provided,52865,6000,0,0.062700,E,0.000000,Empty Customer Price,Common Bond,3000,0,Empty Customer MPQ,In-Transit:Sales=0;CBO=0,,CT#9999,125,4/18/2017,1/1/2020,11354,18515,VN0101RICONSIGN,BIM-JABIL VN-SMCI,1853029646,000001,Y,Y,N,N,,,2356,34354,0,1/5/2019,,Gross MRP Received,N,N,N,0,0,0,,,,,N,31,ZXMP6A17E6TA
FUTA,JS005B,MC,2,1,SND28100-20800-NR,DIO,BAV70-7-F,BAV70LT1,001,04,99000,39000,39000,0,0,0,0,75000,-55806,-1 Weeks,12/31/2018,21463600.00%,No previous data found,No previous data found,0,0,0,450000,1200000,6135000,0,0,0,0,0,0,15032,800,1683,45830,50904,0,9936,99217,30135,46648,38636,40012,47800,45784,140246,176000,Gross MRP data - QOH provided,135226,0,0,0.006200,E,0.000000,Empty Customer Price,Common Bond,3000,0,Empty Customer MPQ,In-Transit:Sales=0;CBO=0,,1853031624,149,4/9/2018,1/1/2020,63345,114249,VN0101RICONSIGN,BIM-JABIL VN-SMCI,1853031624,000001,Y,Y,N,N,,,12291,203323,55806,1/5/2019,,Gross MRP Received,N,N,N,55806,55806,0,,,,,N,32,BAV70-7-F
FUTA,JS005B,MC,1,1,SNDHUA39594-NR,DIO,BC857BLP4-7B,BC857BLP4-7B,001,04,130000,270000,270000,0,0,0,0,0,-176429,0 Weeks,1/7/2019,283.47%,No previous data found,No previous data found,0,0,0,0,0,550000,70000,150000,60000,70000,0,0,0,7332,10373,86807,89337,0,18503,193849,55463,62706,56487,58994,60144,61910,165819,312018,Gross MRP data - QOH provided,85589,50000,0,0.013900,E,0.000000,Empty Customer Price,L,10000,0,Empty Customer MPQ,In-Transit:Sales=0;CBO=0,,CT#9999,121,2/21/2017,1/1/2020,104512,193849,VN0101RICONSIGN,BIM-JABIL VN-SMCI,1853029353,000001,Y,Y,N,N,,,14742,326760,226429,1/5/2019,,Gross MRP Received,N,N,N,226429,226429,0,,,,,N,16,BC857BLP4-7B
FUTA,JS005B,MC,1,1,SNDPFX052838B-NR,DIO,DMP2066LSS-13,DMP2066LSS-13,001,4Y,250000,85000,85000,0,0,0,0,0,-126911,-1 Weeks,12/31/2018,221.65%,No previous data found,No previous data found,0,0,0,0,0,182500,60000,60000,27500,5000,35000,20000,7006,8012,28045,19709,20452,0,9615,76218,32732,41241,43750,43184,41612,38256,123656,150191,Gross MRP data - QOH provided,15286,15000,0,0.079500,E,0.000000,Empty Customer Price,L,2500,0,Empty Customer MPQ,In-Transit:Sales=15000;CBO=0,,CT#9999,122,2/21/2017,1/1/2020,61772,82224,VN0101RICONSIGN,BIM-JABIL VN-SMCI,1853029354,000001,Y,Y,N,N,,,9919,167116,141911,1/5/2019,,Gross MRP Received,N,N,N,141911,141911,0,,,,,N,40,DMP2066LSS-13
FUTA,JS005B,MC,1,1,SNDPFX053751J-NR,DIO,BZT52C2V0S-7-F,BZT52C2V0STR,001,4X,300000,138000,0,138000,0,0,75000,12000,160980,30 Weeks+,8/5/2019,1119.80%,No previous data found,No previous data found,0,0,0,0,0,255000,9000,0,0,0,0,9000,0,3240,7376,19050,19050,0,4741,48716,14236,18713,19117,18926,18904,16692,56015,81665,Gross MRP data - QOH provided,26645,3000,0,0.007900,E,0.000000,Empty Customer Price,Common Bond,3000,0,Empty Customer MPQ,In-Transit:Sales=0;CBO=0,,CT#9999,156,7/10/2018,1/1/2020,29666,48716,VN0101RICONSIGN,BIM-JABIL VN-SMCI,1853032204,000001,Y,Y,N,N,,,4654,86319,55020,1/5/2019,,Gross MRP Received,N,N,N,55020,55020,138000,,,,,N,24,BZT52C2V0S-7-F
FUTA,JS005B,MC,1,1,SNDPFX059052E-NR,RHM,EMD6T2R,EMD6T2R,001,04,8000,72000,0,72000,0,0,24000,0,25567,11 Weeks,3/25/2019,215.36%,No previous data found,No previous data found,0,0,0,0,0,0,56000,32000,0,16000,32000,8000,3460,6838,18374,11510,13046,0,5558,49768,19852,25136,25846,25788,25204,22916,71744,94756,Gross MRP data - QOH provided,27783,0,0,0.030000,E,0.000000,Empty Customer Price,L,8000,0,Empty Customer MPQ,In-Transit:Sales=0;CBO=0,,CT#9999,123,2/21/2017,1/1/2020,38182,51228,VN0101RICONSIGN,BIM-JABIL VN-SMCI,1853029355,000001,Y,Y,N,N,,,6106,104322,70433,1/5/2019,,Gross MRP Received,N,N,N,70433,70433,72000,,,,,N,10,EMD6T2R
FUTA,JS005B,MC,1,1,SNDPFX061006B-NR,SEM,SRV05-4.TCT,SRV05-4TR,001,11,12000,0,0,0,411000,0,66000,0,121854,12 Weeks,4/1/2019,123.43%,No previous data found,No previous data found,0,0,0,630000,1308000,186000,45000,51000,21000,12000,33000,0,2513,2540,12189,8459,8363,0,3976,31551,13612,17538,18763,18636,17956,16676,55634,62701,Gross MRP data - QOH provided,73068,48000,0,0.090000,E,0.000000,Empty Customer Price,Common Bond,3000,0,Empty Customer MPQ,In-Transit:Sales=0;CBO=0,,CT#9999,127,4/18/2017,1/1/2020,25701,34064,VN0101RICONSIGN,BIM-JABIL VN-SMCI,1853029648,000001,Y,Y,N,N,,,4225,69439,0,1/5/2019,,Gross MRP Received,N,N,N,0,0,0,,,,,N,6,SRV05-4.TCT
FUTA,JS005B,MC,1,1,SNDPFX062371G-NR,RHM,EMX2T2R,EMX2T2R,001,04,32000,24000,16000,8000,0,0,0,0,-15745,1 Weeks,1/14/2019,249.42%,No previous data found,No previous data found,0,0,0,0,0,0,8000,8000,8000,0,8000,0,693,1563,6635,3010,2797,0,1697,14005,6660,8952,10290,10212,9848,9274,30928,29617,Gross MRP data - QOH provided,6565,0,0,0.030000,E,0.000000,Empty Customer Price,L,8000,0,Empty Customer MPQ,In-Transit:Sales=0;CBO=0,,CT#9999,126,4/18/2017,1/1/2020,11901,14698,VN0101RICONSIGN,BIM-JABIL VN-SMCI,1853029647,000001,Y,Y,N,N,,,2151,32461,23745,1/5/2019,,Gross MRP Received,N,N,N,23745,23745,8000,,,,,N,10,EMX2T2R
FUTA,JS005B,MC,1,1,SNDSZ1DK5004-NR,DIO,BAV99-7-F,BAV99LT1,001,04,3000000,36000,36000,0,0,0,0,0,-73806,-1 Weeks,12/31/2018,268.43%,No previous data found,No previous data found,0,0,0,4638000,6279000,21090000,85000,60000,0,0,85000,0,3962,6528,19645,33582,40191,0,10820,99946,33309,45457,49450,42729,48940,52050,145226,178712,Gross MRP data - QOH provided,108868,0,0,0.007100,E,0.000000,Empty Customer Price,Common Bond,3000,0,Empty Customer MPQ,In-Transit:Sales=0;CBO=0,,1853031657,152,4/18/2018,1/1/2020,63717,103908,VN0101RICONSIGN,BIM-JABIL VN-SMCI,1853031657,000001,Y,Y,N,N,,,18061,200735,73806,1/5/2019,,Gross MRP Received,N,N,N,73806,73806,0,,,,,N,52,BAV99-7-F
FUTA,JS005B,MC,1,1,SW3400875,DIO,74AUP1G09FS3-7,74AUP1G09FS3R,001,16,65000,55000,0,55000,0,0,0,0,68780,12 Weeks,4/1/2019,465.54%,No previous data found,No previous data found,0,0,0,0,0,0,15000,0,0,0,5000,10000,1022,4983,6768,10440,4416,3920,900,26607,8724,17518,16982,29450,32500,26264,164396,52849,Gross MRP data - QOH provided,67651,0,0,0.028600,E,0.000000,Empty Customer Price,L,5000,0,Empty Customer MPQ,In-Transit:Sales=0;CBO=0,,CT#9999,154,6/18/2018,1/1/2020,0,4999,VN0101RICONSIGN,BIM-JABIL VN-SMCI,1853032105,000001,Y,Y,N,N,,,3520,57391,0,1/5/2019,,Gross MRP Received,N,N,N,0,0,55000,,,,,N,16,74AUP1G09FS3-7
FUTA,JS005B,MC,1,1,SW3400881,DIO,74AUP1G07FS3-7,74AUP1G07FS3-7,001,16,225000,110000,80000,30000,5000,0,0,0,-87073,1 Weeks,1/14/2019,2084.50%,No previous data found,No previous data found,0,0,0,0,0,370000,15000,0,0,0,0,15000,1042,20603,25670,50346,33096,31640,2028,129715,51692,71262,60006,93592,91570,77392,427318,252669,Gross MRP data - QOH provided,136638,0,0,0.028600,E,0.000000,Empty Customer Price,L,5000,0,Empty Customer MPQ,In-Transit:Sales=0;CBO=0,,CT#9999,153,5/4/2018,1/1/2020,97661,130757,VN0101RICONSIGN,BIM-JABIL VN-SMCI,1853031805,000001,Y,Y,N,N,,,12836,266547,117073,1/5/2019,,Gross MRP Received,N,N,N,117073,117073,30000,,,,,N,16,74AUP1G07FS3-7
FUTA,JS005B,MC,1,1,SW5010155,DIO,DMN32D2LFB4-7,DMN32D2LFB4TR,001,4Y,6000000,2193000,1005000,1188000,0,0,0,0,1032046,19 Weeks,5/20/2019,109.90%,No previous data found,No previous data found,0,0,0,3000,0,5955000,753000,408000,138000,276000,243000,234000,9524,69731,78006,130747,102434,98185,1773,380918,169064,239447,189763,245904,251356,164784,878416,789429,Gross MRP data - QOH provided,180999,462000,0,0.025500,E,0.000000,Empty Customer Price,Common Bond,3000,0,Empty Customer MPQ,In-Transit:Sales=297000;CBO=0,,CT#9999,082,1/15/2016,1/1/2020,288008,390442,VN0101RICONSIGN,BIM-JABIL VN-SMCI,1853032197,000001,Y,Y,N,N,,,41491,840444,617954,1/5/2019,,Gross MRP Received,N,N,N,617954,617954,1188000,,,,,N,40,DMN32D2LFB4-7
FUTA,JS005B,C,1,1,12-1044,DIO,SMAZ20-13-F,SMAZ20TR,001,4X,535000,0,0,0,0,0,695000,0,695000,31 Weeks,8/5/2019,16500000.00%,No previous data found,No previous data found,0,0,0,0,0,135000,130000,160000,35000,20000,75000,35000,0,0,0,0,0,0,0,0,0,0,0,0,0,0,0,0,Gross MRP data - QOH provided,0,15000,0,0.029300,E,0.000000,Empty Customer Price,Common Bond,5000,0,Empty Customer MPQ,,,1853030176,002,1/15/2016,1/1/2020,,,,BIM-JABIL VN-SMCI,1853030176,002,Y,Y,N,N,,,0,0,0,1/5/2019,,Gross MRP Received,N,N,N,0,0,0,,,,,N,24,
FUTA,JS005B,C,1,1,13-1042,DIO,BSS123-7-F,BSS123LT1,001,04,3000000,2313000,2313000,0,0,0,696000,0,696000,31 Weeks,8/5/2019,60900000.00%,No previous data found,No previous data found,0,0,0,2934000,24846000,26580000,375000,582000,234000,96000,144000,135000,0,0,0,0,0,0,0,0,0,0,0,0,0,0,0,0,Gross MRP data - QOH provided,0,3000,0,0.014200,E,0.000000,Empty Customer Price,Common Bond,3000,0,Empty Customer MPQ,,,1853030177,005,1/15/2016,1/1/2020,,,,BIM-JABIL VN-SMCI,1853030177,005,Y,Y,N,N,,,0,0,0,1/5/2019,,Gross MRP Received,N,N,N,0,0,0,,,,,Y,CALL,
FUTA,JS005B,C,2,1,15-1327,CIT,CMR200T32768DZFT,32.768K-CMR200TT,001,68,226000,0,0,0,418000,0,0,0,0,31 Weeks,8/5/2019,21600000.00%,No previous data found,No previous data found,0,0,0,0,56000,580000,138000,172000,78000,34000,62000,42000,0,0,0,0,0,0,0,0,0,0,0,0,0,0,0,0,Gross MRP data - QOH provided,0,0,0,0.092000,E,0.000000,Empty Customer Price,Common Bond,2000,0,Empty Customer MPQ,,,CT#9999,006,1/15/2016,1/1/2020,,,,BIM-JABIL VN-SMCI,CT#9999,006,Y,Y,N,N,,,0,0,0,1/5/2019,,Gross MRP Received,N,N,N,0,0,0,,,,,N,14,
FUTA,JS005B,C,1,1,192012859,MXL,XR21V1414IM48TR-F,XR21V1414IM48TR-F,001,19,6000,0,0,0,0,0,0,1500,0,31 Weeks,8/5/2019,0.00%,No previous data found,No previous data found,0,0,0,0,0,6000,0,3000,0,0,0,0,0,0,0,0,0,0,0,0,0,0,0,0,0,0,0,0,Gross MRP data - QOH provided,0,0,0,2.750000,E,0.000000,Empty Customer Price,Common Bond,1500,0,Empty Customer MPQ,,,CT#9999,016,1/15/2016,1/1/2020,,,,BIM-JABIL VN-SMCI,CT#9999,016,Y,Y,N,N,,,0,0,0,1/5/2019,,Gross MRP Received,N,N,N,0,0,0,,,,,N,16,
FUTA,JS005B,C,1,1,22-1492,BIV,CSW-1001,CSW-1001,001,38,1000,0,0,0,0,0,500,0,500,31 Weeks,8/5/2019,19200000.00%,No previous data found,No previous data found,0,0,0,0,0,121000,137000,164000,55000,45000,45500,46500,0,0,0,0,0,0,0,0,0,0,0,0,0,0,0,0,Gross MRP data - QOH provided,0,2000,0,0.061000,E,0.000000,Empty Customer Price,Customer Specific,1000,0,Empty Customer MPQ,,,1853029640,128,5/15/2017,1/1/2020,,,,BIM-JABIL VN-SMCI,1853029640,128,Y,Y,N,N,,,0,0,0,1/5/2019,,Gross MRP Received,N,N,N,0,0,0,,,,,N,10,
FUTA,JS005B,C,1,1,3410LAN9420S-E,MCP,LAN9420I-NU,LAN9420I-NU,001,1S,90,0,0,0,0,0,0,0,0,31 Weeks,8/5/2019,0.00%,No previous data found,No previous data found,0,0,0,180,5400,0,0,0,0,0,0,0,0,0,0,0,0,0,0,0,0,0,0,0,0,0,0,0,Gross MRP data - QOH provided,0,0,0,3.750000,E,0.000000,Empty Customer Price,L,90,0,Empty Customer MPQ,,,CT#9999,134,7/20/2017,1/1/2020,,,,BIM-JABIL VN-SMCI,CT#9999,134,Y,Y,N,N,,,0,0,0,1/5/2019,,Gross MRP Received,N,N,N,0,0,0,,,,,N,12,
FUTA,JS005B,C,1,1,3440MMBTA42S-E,DIO,MMBTA42-7-F,MMBTA42LT1,001,04,12000,0,0,0,0,0,0,0,0,31 Weeks,8/5/2019,2700000.00%,No previous data found,No previous data found,0,0,0,1296000,198000,2085000,27000,0,0,12000,15000,0,0,0,0,0,0,0,0,0,0,0,0,0,0,0,0,0,Gross MRP data - QOH provided,0,0,0,0.011000,E,0.000000,Empty Customer Price,Common Bond,3000,0,Empty Customer MPQ,,,CT#9999,023,1/15/2016,1/1/2020,,,,BIM-JABIL VN-SMCI,CT#9999,023,Y,Y,N,N,,,0,0,0,1/5/2019,,Gross MRP Received,N,N,N,0,0,0,,,,,N,32,
FUTA,JS005B,C,1,1,3443MMSZ5V6S,DIO,BZT52C5V6-7-F,BZT52C5V6TR,001,4X,12000,0,0,0,132000,0,300000,0,300000,31 Weeks,8/5/2019,0.00%,No previous data found,No previous data found,0,0,0,240000,285000,210000,0,0,0,0,0,0,0,0,0,0,0,0,0,0,0,0,0,0,0,0,0,0,Gross MRP data - QOH provided,0,0,0,0.009200,E,0.000000,Empty Customer Price,Common Bond,3000,0,Empty Customer MPQ,,,CT#9999,039,1/15/2016,1/1/2020,,,,BIM-JABIL VN-SMCI,CT#9999,039,Y,Y,N,N,,,0,0,0,1/5/2019,,Gross MRP Received,N,N,N,0,0,0,,,,,N,24,
FUTA,JS005B,C,1,1,3444TN0200TS-E,IFA,IRLML2402TRPBF,IRLML2402TR,001,4Y,6000,0,0,0,0,0,0,0,0,31 Weeks,8/5/2019,0.00%,No previous data found,No previous data found,0,0,0,0,0,45000,0,3000,0,0,0,0,0,0,0,0,0,0,0,0,0,0,0,0,0,0,0,0,Gross MRP data - QOH provided,0,0,0,0.050500,E,0.000000,Empty Customer Price,Common Bond,3000,0,Empty Customer MPQ,,,CT#9999,133,7/11/2017,1/1/2020,,,,BIM-JABIL VN-SMCI,CT#9999,133,Y,Y,N,N,,,0,0,0,1/5/2019,,Gross MRP Received,N,N,N,0,0,0,,,,,N,CALL,
FUTA,JS005B,C,1,1,3444TN0200TS-E,INF,IRLML2402TRPBF,IRLML2402TR,002,4Y,6000,0,0,0,390000,0,0,0,0,31 Weeks,8/5/2019,0.00%,No previous data found,No previous data found,0,0,0,912000,0,0,0,0,0,0,0,0,0,0,0,0,0,0,0,0,0,0,0,0,0,0,0,0,Gross MRP data - QOH provided,0,0,0,0.000000,,0.000000,Empty Customer Price,Common Bond,3000,0,Empty Customer MPQ,,,CT#9999,000,7/11/2017,1/1/2020,,,,,CT#9999,,Y,Y,,,,,0,0,0,1/5/2019,,Gross MRP Received,N,N,N,0,0,0,,,,,N,52,
FUTA,JS005B,C,1,1,70974-1,DIO,BC846AS-7,BC846AS-7,001,04,1098000,0,0,0,0,0,0,0,0,31 Weeks,8/5/2019,41400000.00%,No previous data found,No previous data found,0,0,0,1650000,0,1143000,399000,291000,15000,0,399000,0,0,0,0,0,0,0,0,0,0,0,0,0,0,0,0,0,Gross MRP data - QOH provided,0,0,0,0.011500,E,0.000000,Empty Customer Price,Common Bond,3000,0,Empty Customer MPQ,,,CT#9999,052,1/15/2016,1/1/2020,,,,BIM-JABIL VN-SMCI,CT#9999,052,Y,Y,N,N,,,0,0,0,1/5/2019,,Gross MRP Received,N,N,N,0,0,0,,,,,N,24,
FUTA,JS005B,C,1,1,72459-1,DIO,B240A-13-F,B240ATR,001,4V,205000,170000,0,170000,0,0,900000,485000,1070000,31 Weeks,8/5/2019,39500000.00%,No previous data found,No previous data found,0,0,0,175000,0,770000,285000,315000,110000,105000,145000,35000,0,0,0,0,0,0,0,0,0,0,0,0,0,0,0,0,Gross MRP data - QOH provided,0,240000,0,0.023300,E,0.000000,Empty Customer Price,Common Bond,5000,0,Empty Customer MPQ,,,1853023268,103,8/31/2016,1/1/2020,,,,BIM-JABIL VN-SMCI,1853023268,103,Y,Y,N,N,,,0,0,0,1/5/2019,,Gross MRP Received,N,N,N,0,0,170000,,,,,N,16,
FUTA,JS005B,C,1,1,849391-LF,LTN,LTV-817S-TA1-D,LTV-817S-TA1-D,001,6K,1000,11000,0,11000,34000,0,33000,378000,44000,31 Weeks,8/5/2019,0.00%,No previous data found,No previous data found,0,0,0,0,200000,478000,0,0,0,0,0,0,0,0,0,0,0,0,0,0,0,0,0,0,0,0,0,0,Gross MRP data - QOH provided,0,2000,0,0.027000,E,0.000000,Empty Customer Price,Common Bond,1000,0,Empty Customer MPQ,,,CT#9999,160,10/8/2018,1/1/2020,,,,BIM-JABIL VN-SMCI,CT#9999,160,Y,Y,N,N,,,0,0,0,1/5/2019,,Gross MRP Received,N,N,N,0,0,11000,,,,,N,10,
FUTA,JS005B,C,2,1,ECMP000019,DIO,DF04S-T,DF04STR,001,4V,6000,0,0,0,1500,0,276000,138000,276000,31 Weeks,8/5/2019,0.00%,No previous data found,No previous data found,0,0,0,126000,0,0,0,0,0,0,0,0,0,0,0,0,0,0,0,0,0,0,0,0,0,0,0,0,Gross MRP data - QOH provided,0,0,0,0.057500,E,0.000000,Empty Customer Price,Common Bond,1500,0,Empty Customer MPQ,,,1853022635,089,7/17/2016,1/1/2020,,,,BIM-JABIL VN-SMCI,1853022635,089,Y,Y,N,N,,,0,0,0,1/5/2019,,Gross MRP Received,N,N,N,0,0,0,,,,,N,30,
FUTA,JS005B,C,1,1,ECMP000022,DIO,MMSZ5241B-7-F,MMSZ5241BT1,001,4X,750000,0,0,0,3000,0,135000,0,135000,31 Weeks,8/5/2019,0.00%,No previous data found,No previous data found,0,0,0,6000,3000,0,0,0,0,0,0,0,0,0,0,0,0,0,0,0,0,0,0,0,0,0,0,0,Gross MRP data - QOH provided,0,0,0,0.011700,E,0.000000,Empty Customer Price,Common Bond,3000,0,Empty Customer MPQ,,,1853022637,091,7/18/2016,1/1/2020,,,,BIM-JABIL VN-SMCI,1853022637,091,Y,Y,N,N,,,0,0,0,1/5/2019,,Gross MRP Received,N,N,N,0,0,0,,,,,N,28,
FUTA,JS005B,C,1,1,ECMP000023,LF,SP1003-01DTG,SP1003-01DTG/KUERIG,001,11,32000,0,0,0,0,0,8000,0,8000,31 Weeks,8/5/2019,0.00%,No previous data found,No previous data found,0,0,0,0,0,0,0,0,0,0,0,0,0,0,0,0,0,0,0,0,0,0,0,0,0,0,0,0,Gross MRP data - QOH provided,0,0,0,0.018800,E,0.000000,Empty Customer Price,L,8000,0,Empty Customer MPQ,,,1853022634,088,7/18/2016,1/1/2020,,,,BIM-JABIL VN-SMCI,1853022634,088,Y,Y,N,N,,,0,0,0,1/5/2019,,Gross MRP Received,N,N,N,0,0,0,,,,,N,11,
FUTA,JS005B,C,1,1,ECMP000042,DIO,DMN3730U-7,NTR4003NT1,001,4Y,9000000,0,0,0,0,0,0,0,0,31 Weeks,8/5/2019,21300000.00%,No previous data found,No previous data found,0,0,0,81000,15000,7500000,0,2205000,213000,0,0,0,0,0,0,0,0,0,0,0,0,0,0,0,0,0,0,0,Gross MRP data - QOH provided,0,0,0,0.016300,E,0.000000,Empty Customer Price,Common Bond,3000,0,Empty Customer MPQ,,,1853022636,090,7/18/2016,1/1/2020,,,,BIM-JABIL VN-SMCI,1853022636,090,Y,Y,N,N,,,0,0,0,1/5/2019,,Gross MRP Received,N,N,N,0,0,0,,,,,N,40,
FUTA,JS005B,C,1,1,ECMP000289,LF,V150LT5P,V150LT5P/ KUERIG,001,1V,1749500,0,0,0,0,0,0,0,0,31 Weeks,8/5/2019,6400000.00%,No previous data found,No previous data found,0,0,0,0,0,345000,64000,0,0,0,0,64000,0,0,0,0,0,0,0,0,0,0,0,0,0,0,0,0,Gross MRP data - QOH provided,0,6500,0,0.030000,E,0.000000,Empty Customer Price,L,500,0,Empty Customer MPQ,,,CT#9999,141,12/6/2017,1/1/2020,,,,BIM-JABIL VN-SMCI,CT#9999,141,Y,Y,N,N,,,0,0,0,1/5/2019,,Gross MRP Received,N,N,N,0,0,0,,,,,N,10,
FUTA,JS005B,C,1,1,GE103X809001,VSO,VO615A-9,VO615A-9,001,6K,400000,64000,0,64000,0,0,52000,0,116000,31 Weeks,8/5/2019,8000000.00%,No previous data found,No previous data found,0,0,0,0,0,56000,60000,52000,20000,20000,20000,20000,0,0,0,0,0,0,0,0,0,0,0,0,0,0,0,0,Gross MRP data - QOH provided,0,40000,0,0.070000,E,0.000000,Empty Customer Price,L,4000,0,Empty Customer MPQ,,,CT#9999,105,9/2/2016,1/1/2020,,,,BIM-JABIL VN-SMCI,CT#9999,105,Y,Y,N,N,,,0,0,0,1/5/2019,,Gross MRP Received,N,N,N,0,0,64000,,,,,N,12,
FUTA,JS005B,C,1,1,GE9931043021,VSO,TSAL6100,TSAL6100,001,6E,300000,0,0,0,35705,0,0,2000,0,31 Weeks,8/5/2019,27400000.00%,No previous data found,No previous data found,0,0,0,0,1280000,920000,188000,158000,86000,84000,68000,36000,0,0,0,0,0,0,0,0,0,0,0,0,0,0,0,0,Gross MRP data - QOH provided,0,187000,0,0.048000,E,0.000000,Empty Customer Price,Common Bond,1000,0,Empty Customer MPQ,,,1853030873,140,11/16/2017,1/1/2020,,,,BIM-JABIL VN-SMCI,1853030873,140,Y,Y,N,N,,,0,0,0,1/5/2019,,Gross MRP Received,N,N,N,0,0,0,,,,,N,8,
FUTA,JS005B,C,1,1,GE9938052075,DIO,B160-13-F,SS16TR,001,4V,20000,0,0,0,840000,0,605000,0,605000,31 Weeks,8/5/2019,0.00%,No previous data found,No previous data found,0,0,0,440000,3805000,1600000,0,0,0,0,0,0,0,0,0,0,0,0,0,0,0,0,0,0,0,0,0,0,Gross MRP data - QOH provided,0,0,0,0.018700,E,0.000000,Empty Customer Price,Common Bond,5000,0,Empty Customer MPQ,,,CT#9999,070,1/15/2016,1/1/2020,,,,BIM-JABIL VN-SMCI,CT#9999,070,Y,Y,N,N,,,0,0,0,1/5/2019,,Gross MRP Received,N,N,N,0,0,0,,,,,N,16,
FUTA,JS005B,C,2,1,GE9938052116,DIO,BAT54S-7-F,BAT54STR,001,04,228000,0,0,0,0,0,0,0,0,31 Weeks,8/5/2019,0.00%,No previous data found,No previous data found,0,0,0,4338000,3636000,25608000,0,0,0,0,0,0,0,0,0,0,0,0,0,0,0,0,0,0,0,0,0,0,Gross MRP data - QOH provided,0,0,0,0.008600,E,0.000000,Empty Customer Price,Common Bond,3000,0,Empty Customer MPQ,,,CT#9999,075,1/15/2016,1/1/2020,,,,BIM-JABIL VN-SMCI,CT#9999,075,Y,Y,N,N,,,0,0,0,1/5/2019,,Gross MRP Received,N,N,N,0,0,0,,,,,N,32,
